id,iso_code,continent,location,population,human_development_index,gdp_per_capita,date,total_cases,total_deaths,new_cases,new_deaths,new_cases_smoothed,new_deaths_smoothed,total_cases_per_million,total_deaths_per_million,new_cases_per_million,new_deaths_per_million,new_cases_smoothed_per_million,new_deaths_smoothed_per_million,diabetes_prevalence,cardiovasc_death_rate,median_age,handwashing_facilities,hospital_beds_per_thousand,life_expectancy,stringency_index,total_tests,new_tests,total_tests_per_thousand,new_tests_per_thousand,new_tests_smoothed,new_tests_smoothed_per_thousand,tests_per_case,extreme_poverty,train_data,date_to_integer
22750,IDN,Asia,Indonesia,273523621.0,0.6939999999999967,11188.743999999957,2020-03-02,2.0,0.0,2.0,0.0,0.0,0.0,0.006999999999999999,0.0,0.006999999999999999,0.0,0.0,0.0,6.32,342.86400000000003,29.3,64.204,1.04,71.72,28.7,0.0,0.0,0.0,0.0,0.0,0.0,0.0,5.7,1,20200302.0
22751,IDN,Asia,Indonesia,273523621.0,0.6939999999999967,11188.743999999957,2020-03-03,2.0,0.0,0.0,0.0,0.0,0.0,0.006999999999999999,0.0,0.0,0.0,0.0,0.0,6.32,342.86400000000003,29.3,64.204,1.04,71.72,28.7,0.0,0.0,0.0,0.0,0.0,0.0,0.0,5.7,1,20200303.0
22752,IDN,Asia,Indonesia,273523621.0,0.6939999999999967,11188.743999999957,2020-03-04,2.0,0.0,0.0,0.0,0.0,0.0,0.006999999999999999,0.0,0.0,0.0,0.0,0.0,6.32,342.86400000000003,29.3,64.204,1.04,71.72,28.7,0.0,0.0,0.0,0.0,0.0,0.0,0.0,5.7,1,20200304.0
22753,IDN,Asia,Indonesia,273523621.0,0.6939999999999967,11188.743999999957,2020-03-05,2.0,0.0,0.0,0.0,0.0,0.0,0.006999999999999999,0.0,0.0,0.0,0.0,0.0,6.32,342.86400000000003,29.3,64.204,1.04,71.72,28.7,0.0,0.0,0.0,0.0,0.0,0.0,0.0,5.7,1,20200305.0
22754,IDN,Asia,Indonesia,273523621.0,0.6939999999999967,11188.743999999957,2020-03-06,4.0,0.0,2.0,0.0,0.0,0.0,0.015,0.0,0.006999999999999999,0.0,0.0,0.0,6.32,342.86400000000003,29.3,64.204,1.04,71.72,28.7,0.0,0.0,0.0,0.0,0.0,0.0,0.0,5.7,1,20200306.0
22755,IDN,Asia,Indonesia,273523621.0,0.6939999999999967,11188.743999999957,2020-03-07,4.0,0.0,0.0,0.0,0.5710000000000001,0.0,0.015,0.0,0.0,0.0,0.002,0.0,6.32,342.86400000000003,29.3,64.204,1.04,71.72,28.7,0.0,0.0,0.0,0.0,0.0,0.0,0.0,5.7,1,20200307.0
22756,IDN,Asia,Indonesia,273523621.0,0.6939999999999967,11188.743999999957,2020-03-08,6.0,0.0,2.0,0.0,0.857,0.0,0.022000000000000002,0.0,0.006999999999999999,0.0,0.003,0.0,6.32,342.86400000000003,29.3,64.204,1.04,71.72,28.7,0.0,0.0,0.0,0.0,0.0,0.0,0.0,5.7,1,20200308.0
22757,IDN,Asia,Indonesia,273523621.0,0.6939999999999967,11188.743999999957,2020-03-09,19.0,0.0,13.0,0.0,2.4290000000000003,0.0,0.069,0.0,0.048,0.0,0.009000000000000001,0.0,6.32,342.86400000000003,29.3,64.204,1.04,71.72,28.7,0.0,0.0,0.0,0.0,0.0,0.0,0.0,5.7,1,20200309.0
22758,IDN,Asia,Indonesia,273523621.0,0.6939999999999967,11188.743999999957,2020-03-10,27.0,0.0,8.0,0.0,3.571,0.0,0.099,0.0,0.028999999999999998,0.0,0.013000000000000001,0.0,6.32,342.86400000000003,29.3,64.204,1.04,71.72,28.7,0.0,0.0,0.0,0.0,0.0,0.0,0.0,5.7,1,20200310.0
22759,IDN,Asia,Indonesia,273523621.0,0.6939999999999967,11188.743999999957,2020-03-11,34.0,1.0,7.0,1.0,4.571000000000001,0.14300000000000002,0.124,0.004,0.026000000000000002,0.004,0.017,0.001,6.32,342.86400000000003,29.3,64.204,1.04,71.72,28.7,0.0,0.0,0.0,0.0,0.0,0.0,0.0,5.7,1,20200311.0
22760,IDN,Asia,Indonesia,273523621.0,0.6939999999999967,11188.743999999957,2020-03-12,34.0,1.0,0.0,0.0,4.571000000000001,0.14300000000000002,0.124,0.004,0.0,0.0,0.017,0.001,6.32,342.86400000000003,29.3,64.204,1.04,71.72,28.7,0.0,0.0,0.0,0.0,0.0,0.0,0.0,5.7,1,20200312.0
22761,IDN,Asia,Indonesia,273523621.0,0.6939999999999967,11188.743999999957,2020-03-13,69.0,4.0,35.0,3.0,9.286,0.5710000000000001,0.252,0.015,0.128,0.011000000000000001,0.034,0.002,6.32,342.86400000000003,29.3,64.204,1.04,71.72,28.7,0.0,0.0,0.0,0.0,0.0,0.0,0.0,5.7,1,20200313.0
22762,IDN,Asia,Indonesia,273523621.0,0.6939999999999967,11188.743999999957,2020-03-14,96.0,5.0,27.0,1.0,13.142999999999999,0.7140000000000001,0.35100000000000003,0.018000000000000002,0.099,0.004,0.048,0.003,6.32,342.86400000000003,29.3,64.204,1.04,71.72,28.7,0.0,0.0,0.0,0.0,0.0,0.0,0.0,5.7,1,20200314.0
22763,IDN,Asia,Indonesia,273523621.0,0.6939999999999967,11188.743999999957,2020-03-15,117.0,5.0,21.0,0.0,15.857000000000001,0.7140000000000001,0.428,0.018000000000000002,0.077,0.0,0.057999999999999996,0.003,6.32,342.86400000000003,29.3,64.204,1.04,71.72,28.7,0.0,0.0,0.0,0.0,0.0,0.0,0.0,5.7,1,20200315.0
22764,IDN,Asia,Indonesia,273523621.0,0.6939999999999967,11188.743999999957,2020-03-16,134.0,5.0,17.0,0.0,16.429000000000002,0.7140000000000001,0.49,0.018000000000000002,0.062,0.0,0.06,0.003,6.32,342.86400000000003,29.3,64.204,1.04,71.72,28.7,1230.0,0.0,0.004,0.0,0.0,0.0,0.0,5.7,1,20200316.0
22765,IDN,Asia,Indonesia,273523621.0,0.6939999999999967,11188.743999999957,2020-03-17,172.0,5.0,38.0,0.0,20.714000000000002,0.7140000000000001,0.629,0.018000000000000002,0.139,0.0,0.076,0.003,6.32,342.86400000000003,29.3,64.204,1.04,71.72,28.7,1255.0,25.0,0.005,0.0,0.0,0.0,0.0,5.7,1,20200317.0
22766,IDN,Asia,Indonesia,273523621.0,0.6939999999999967,11188.743999999957,2020-03-18,227.0,19.0,55.0,14.0,27.570999999999998,2.571,0.83,0.069,0.201,0.051,0.10099999999999999,0.009000000000000001,6.32,342.86400000000003,29.3,64.204,1.04,71.72,28.7,0.0,0.0,0.0,0.0,0.0,0.0,0.0,5.7,1,20200318.0
22767,IDN,Asia,Indonesia,273523621.0,0.6939999999999967,11188.743999999957,2020-03-19,311.0,25.0,84.0,6.0,39.571,3.429,1.137,0.091,0.307,0.022000000000000002,0.145,0.013000000000000001,6.32,342.86400000000003,29.3,64.204,1.04,71.72,28.7,1651.0,0.0,0.006,0.0,0.0,0.0,0.0,5.7,1,20200319.0
22768,IDN,Asia,Indonesia,273523621.0,0.6939999999999967,11188.743999999957,2020-03-20,369.0,32.0,58.0,7.0,42.857,4.0,1.349,0.11699999999999999,0.212,0.026000000000000002,0.157,0.015,6.32,342.86400000000003,29.3,64.204,1.04,71.72,28.7,1898.0,247.0,0.006999999999999999,0.001,0.0,0.0,0.0,5.7,1,20200320.0
22769,IDN,Asia,Indonesia,273523621.0,0.6939999999999967,11188.743999999957,2020-03-21,450.0,38.0,81.0,6.0,50.571000000000005,4.7139999999999995,1.645,0.139,0.29600000000000004,0.022000000000000002,0.185,0.017,6.32,342.86400000000003,29.3,64.204,1.04,71.72,28.7,0.0,0.0,0.0,0.0,0.0,0.0,0.0,5.7,1,20200321.0
22770,IDN,Asia,Indonesia,273523621.0,0.6939999999999967,11188.743999999957,2020-03-22,514.0,48.0,64.0,10.0,56.714,6.143,1.879,0.175,0.23399999999999999,0.037000000000000005,0.207,0.022000000000000002,6.32,342.86400000000003,29.3,64.204,1.04,71.72,28.7,2409.0,0.0,0.009000000000000001,0.0,0.0,0.0,0.0,5.7,1,20200322.0
22771,IDN,Asia,Indonesia,273523621.0,0.6939999999999967,11188.743999999957,2020-03-23,579.0,49.0,65.0,1.0,63.571000000000005,6.2860000000000005,2.117,0.179,0.23800000000000002,0.004,0.23199999999999998,0.023,6.32,342.86400000000003,29.3,64.204,1.04,71.72,28.7,2483.0,74.0,0.009000000000000001,0.0,179.0,0.001,2.8,5.7,1,20200323.0
22772,IDN,Asia,Indonesia,273523621.0,0.6939999999999967,11188.743999999957,2020-03-24,686.0,55.0,107.0,6.0,73.429,7.143,2.508,0.201,0.391,0.022000000000000002,0.268,0.026000000000000002,6.32,342.86400000000003,29.3,64.204,1.04,71.72,28.7,2863.0,380.0,0.01,0.001,230.0,0.001,3.1,5.7,1,20200324.0
22773,IDN,Asia,Indonesia,273523621.0,0.6939999999999967,11188.743999999957,2020-03-25,790.0,58.0,104.0,3.0,80.429,5.571000000000001,2.888,0.212,0.38,0.011000000000000001,0.294,0.02,6.32,342.86400000000003,29.3,64.204,1.04,71.72,28.7,0.0,0.0,0.0,0.0,279.0,0.001,3.5,5.7,1,20200325.0
22774,IDN,Asia,Indonesia,273523621.0,0.6939999999999967,11188.743999999957,2020-03-26,893.0,78.0,103.0,20.0,83.14299999999999,7.571000000000001,3.265,0.285,0.377,0.073,0.304,0.027999999999999997,6.32,342.86400000000003,29.3,64.204,1.04,71.72,28.7,0.0,0.0,0.0,0.0,328.0,0.001,3.9,5.7,1,20200326.0
22775,IDN,Asia,Indonesia,273523621.0,0.6939999999999967,11188.743999999957,2020-03-27,1046.0,87.0,153.0,9.0,96.714,7.857,3.824,0.318,0.5589999999999999,0.033,0.354,0.028999999999999998,6.32,342.86400000000003,29.3,64.204,1.04,71.72,28.7,4489.0,0.0,0.016,0.0,370.0,0.001,3.8,5.7,1,20200327.0
22776,IDN,Asia,Indonesia,273523621.0,0.6939999999999967,11188.743999999957,2020-03-28,1155.0,102.0,109.0,15.0,100.714,9.142999999999999,4.223,0.373,0.39899999999999997,0.055,0.368,0.033,6.32,342.86400000000003,29.3,64.204,1.04,71.72,28.7,5775.0,1286.0,0.021,0.005,517.0,0.002,5.1,5.7,1,20200328.0
22777,IDN,Asia,Indonesia,273523621.0,0.6939999999999967,11188.743999999957,2020-03-29,1285.0,114.0,130.0,12.0,110.14299999999999,9.429,4.698,0.41700000000000004,0.475,0.044000000000000004,0.40299999999999997,0.034,6.32,342.86400000000003,29.3,64.204,1.04,71.72,28.7,6266.0,491.0,0.023,0.002,551.0,0.002,5.0,5.7,1,20200329.0
22778,IDN,Asia,Indonesia,273523621.0,0.6939999999999967,11188.743999999957,2020-03-30,1414.0,122.0,129.0,8.0,119.286,10.429,5.17,0.446,0.47200000000000003,0.028999999999999998,0.436,0.038,6.32,342.86400000000003,29.3,64.204,1.04,71.72,28.7,6534.0,268.0,0.024,0.001,579.0,0.002,4.9,5.7,1,20200330.0
22779,IDN,Asia,Indonesia,273523621.0,0.6939999999999967,11188.743999999957,2020-03-31,1528.0,136.0,114.0,14.0,120.286,11.571,5.586,0.49700000000000005,0.41700000000000004,0.051,0.44,0.042,6.32,342.86400000000003,29.3,64.204,1.04,71.72,28.7,6663.0,129.0,0.024,0.0,543.0,0.002,4.5,5.7,1,20200331.0
22780,IDN,Asia,Indonesia,273523621.0,0.6939999999999967,11188.743999999957,2020-04-01,1677.0,157.0,149.0,21.0,126.714,14.142999999999999,6.131,0.574,0.545,0.077,0.46299999999999997,0.052000000000000005,6.32,342.86400000000003,29.3,64.204,1.04,71.72,28.7,6777.0,114.0,0.025,0.0,482.0,0.002,3.8,5.7,1,20200401.0
22781,IDN,Asia,Indonesia,273523621.0,0.6939999999999967,11188.743999999957,2020-04-02,1790.0,170.0,113.0,13.0,128.143,13.142999999999999,6.544,0.622,0.413,0.048,0.46799999999999997,0.048,6.32,342.86400000000003,29.3,64.204,1.04,71.72,28.7,7193.0,416.0,0.026000000000000002,0.002,464.0,0.002,3.6,5.7,1,20200402.0
22782,IDN,Asia,Indonesia,273523621.0,0.6939999999999967,11188.743999999957,2020-04-03,1986.0,181.0,196.0,11.0,134.286,13.429,7.261,0.662,0.7170000000000001,0.04,0.491,0.049,6.32,342.86400000000003,29.3,64.204,1.04,71.72,28.7,7621.0,428.0,0.027999999999999997,0.002,447.0,0.002,3.3,5.7,1,20200403.0
22783,IDN,Asia,Indonesia,273523621.0,0.6939999999999967,11188.743999999957,2020-04-04,2092.0,191.0,106.0,10.0,133.857,12.714,7.648,0.698,0.38799999999999996,0.037000000000000005,0.489,0.046,6.32,342.86400000000003,29.3,64.204,1.04,71.72,28.7,7986.0,365.0,0.028999999999999998,0.001,316.0,0.001,2.4,5.7,1,20200404.0
22784,IDN,Asia,Indonesia,273523621.0,0.6939999999999967,11188.743999999957,2020-04-05,2273.0,198.0,181.0,7.0,141.143,12.0,8.31,0.7240000000000001,0.662,0.026000000000000002,0.516,0.044000000000000004,6.32,342.86400000000003,29.3,64.204,1.04,71.72,28.7,0.0,0.0,0.0,0.0,494.0,0.002,3.5,5.7,1,20200405.0
22785,IDN,Asia,Indonesia,273523621.0,0.6939999999999967,11188.743999999957,2020-04-06,2491.0,209.0,218.0,11.0,153.857,12.429,9.107000000000001,0.764,0.797,0.04,0.563,0.045,6.32,342.86400000000003,29.3,64.204,1.04,71.72,28.7,11460.0,0.0,0.042,0.0,704.0,0.003,4.6,5.7,1,20200406.0
22786,IDN,Asia,Indonesia,273523621.0,0.6939999999999967,11188.743999999957,2020-04-07,2738.0,221.0,247.0,12.0,172.857,12.142999999999999,10.01,0.8079999999999999,0.903,0.044000000000000004,0.632,0.044000000000000004,6.32,342.86400000000003,29.3,64.204,1.04,71.72,28.7,13433.0,1973.0,0.049,0.006999999999999999,967.0,0.004,5.6,5.7,1,20200407.0
22787,IDN,Asia,Indonesia,273523621.0,0.6939999999999967,11188.743999999957,2020-04-08,2956.0,240.0,218.0,19.0,182.71400000000003,11.857000000000001,10.807,0.877,0.797,0.069,0.6679999999999999,0.043,6.32,342.86400000000003,29.3,64.204,1.04,71.72,28.7,14571.0,1138.0,0.053,0.004,1113.0,0.004,6.1,5.7,1,20200408.0
22788,IDN,Asia,Indonesia,273523621.0,0.6939999999999967,11188.743999999957,2020-04-09,3293.0,280.0,337.0,40.0,214.71400000000003,15.714,12.039000000000001,1.024,1.232,0.146,0.785,0.057,6.32,342.86400000000003,29.3,64.204,1.04,71.72,28.7,16848.0,2277.0,0.062,0.008,1379.0,0.005,6.4,5.7,1,20200409.0
22789,IDN,Asia,Indonesia,273523621.0,0.6939999999999967,11188.743999999957,2020-04-10,3512.0,306.0,219.0,26.0,218.0,17.857,12.84,1.119,0.8009999999999999,0.095,0.797,0.065,6.32,342.86400000000003,29.3,64.204,1.04,71.72,28.7,19452.0,2604.0,0.071,0.01,1690.0,0.006,7.8,5.7,1,20200410.0
22790,IDN,Asia,Indonesia,273523621.0,0.6939999999999967,11188.743999999957,2020-04-11,3842.0,327.0,330.0,21.0,250.0,19.429000000000002,14.046,1.196,1.206,0.077,0.914,0.071,6.32,342.86400000000003,29.3,64.204,1.04,71.72,28.7,19782.0,330.0,0.07200000000000001,0.001,1685.0,0.006,6.7,5.7,1,20200411.0
22791,IDN,Asia,Indonesia,273523621.0,0.6939999999999967,11188.743999999957,2020-04-12,4241.0,373.0,399.0,46.0,281.143,25.0,15.505,1.364,1.459,0.168,1.028,0.091,6.32,342.86400000000003,29.3,64.204,1.04,71.72,28.7,27075.0,7293.0,0.099,0.027000000000000003,2479.0,0.009000000000000001,8.8,5.7,1,20200412.0
22792,IDN,Asia,Indonesia,273523621.0,0.6939999999999967,11188.743999999957,2020-04-13,4557.0,399.0,316.0,26.0,295.143,27.143,16.66,1.459,1.155,0.095,1.079,0.099,6.32,342.86400000000003,29.3,64.204,1.04,71.72,28.7,27391.0,316.0,0.1,0.001,2276.0,0.008,7.7,5.7,1,20200413.0
22793,IDN,Asia,Indonesia,273523621.0,0.6939999999999967,11188.743999999957,2020-04-14,4839.0,459.0,282.0,60.0,300.143,34.0,17.691,1.6780000000000002,1.031,0.21899999999999997,1.097,0.124,6.32,342.86400000000003,29.3,64.204,1.04,71.72,28.7,31628.0,4237.0,0.11599999999999999,0.015,2599.0,0.01,8.7,5.7,1,20200414.0
22794,IDN,Asia,Indonesia,273523621.0,0.6939999999999967,11188.743999999957,2020-04-15,5136.0,469.0,297.0,10.0,311.42900000000003,32.714,18.777,1.715,1.0859999999999999,0.037000000000000005,1.139,0.12,6.32,342.86400000000003,29.3,64.204,1.04,71.72,28.7,33001.0,1373.0,0.121,0.005,2633.0,0.01,8.5,5.7,1,20200415.0
22795,IDN,Asia,Indonesia,273523621.0,0.6939999999999967,11188.743999999957,2020-04-16,5516.0,496.0,380.0,27.0,317.57099999999997,30.857,20.166,1.8130000000000002,1.389,0.099,1.161,0.113,6.32,342.86400000000003,29.3,64.204,1.04,71.72,28.7,34975.0,1974.0,0.128,0.006999999999999999,2590.0,0.009000000000000001,8.2,5.7,1,20200416.0
22796,IDN,Asia,Indonesia,273523621.0,0.6939999999999967,11188.743999999957,2020-04-17,5923.0,520.0,407.0,24.0,344.42900000000003,30.570999999999998,21.654,1.901,1.4880000000000002,0.08800000000000001,1.2590000000000001,0.11199999999999999,6.32,342.86400000000003,29.3,64.204,1.04,71.72,28.7,37134.0,2159.0,0.136,0.008,2526.0,0.009000000000000001,7.3,5.7,1,20200417.0
22797,IDN,Asia,Indonesia,273523621.0,0.6939999999999967,11188.743999999957,2020-04-18,6248.0,535.0,325.0,15.0,343.714,29.714000000000002,22.843000000000004,1.956,1.188,0.055,1.2570000000000001,0.109,6.32,342.86400000000003,29.3,64.204,1.04,71.72,28.7,39422.0,2288.0,0.14400000000000002,0.008,2806.0,0.01,8.2,5.7,1,20200418.0
22798,IDN,Asia,Indonesia,273523621.0,0.6939999999999967,11188.743999999957,2020-04-19,6575.0,582.0,327.0,47.0,333.42900000000003,29.857,24.038,2.128,1.196,0.172,1.219,0.109,6.32,342.86400000000003,29.3,64.204,1.04,71.72,28.7,42219.0,2797.0,0.154,0.01,2163.0,0.008,6.5,5.7,1,20200419.0
22799,IDN,Asia,Indonesia,273523621.0,0.6939999999999967,11188.743999999957,2020-04-20,6760.0,590.0,185.0,8.0,314.714,27.285999999999998,24.715,2.157,0.6759999999999999,0.028999999999999998,1.151,0.1,6.32,342.86400000000003,29.3,64.204,1.04,71.72,28.7,43749.0,1530.0,0.16,0.006,2337.0,0.009000000000000001,7.4,5.7,1,20200420.0
22800,IDN,Asia,Indonesia,273523621.0,0.6939999999999967,11188.743999999957,2020-04-21,7135.0,616.0,375.0,26.0,328.0,22.429000000000002,26.085,2.252,1.371,0.095,1.199,0.08199999999999999,6.32,342.86400000000003,29.3,64.204,1.04,71.72,28.7,46173.0,2424.0,0.16899999999999998,0.009000000000000001,2078.0,0.008,6.3,5.7,1,20200421.0
22801,IDN,Asia,Indonesia,273523621.0,0.6939999999999967,11188.743999999957,2020-04-22,7418.0,635.0,283.0,19.0,326.0,23.714000000000002,27.12,2.322,1.035,0.069,1.192,0.087,6.32,342.86400000000003,29.3,64.204,1.04,71.72,28.7,47361.0,1188.0,0.17300000000000001,0.004,2051.0,0.006999999999999999,6.3,5.7,1,20200422.0
22802,IDN,Asia,Indonesia,273523621.0,0.6939999999999967,11188.743999999957,2020-04-23,7775.0,647.0,357.0,12.0,322.714,21.570999999999998,28.425,2.365,1.305,0.044000000000000004,1.18,0.079,6.32,342.86400000000003,29.3,64.204,1.04,71.72,28.7,48647.0,1286.0,0.17800000000000002,0.005,1953.0,0.006999999999999999,6.1,5.7,1,20200423.0
22803,IDN,Asia,Indonesia,273523621.0,0.6939999999999967,11188.743999999957,2020-04-24,8211.0,689.0,436.0,42.0,326.857,24.143,30.019000000000002,2.519,1.594,0.154,1.195,0.08800000000000001,6.32,342.86400000000003,29.3,64.204,1.04,71.72,28.7,50563.0,1916.0,0.185,0.006999999999999999,1918.0,0.006999999999999999,5.9,5.7,1,20200424.0
22804,IDN,Asia,Indonesia,273523621.0,0.6939999999999967,11188.743999999957,2020-04-25,8607.0,720.0,396.0,31.0,337.0,26.429000000000002,31.467,2.6319999999999997,1.4480000000000002,0.113,1.232,0.09699999999999999,6.32,342.86400000000003,29.3,64.204,1.04,71.72,28.7,52541.0,1978.0,0.192,0.006999999999999999,1874.0,0.006999999999999999,5.6,5.7,1,20200425.0
22805,IDN,Asia,Indonesia,273523621.0,0.6939999999999967,11188.743999999957,2020-04-26,8882.0,743.0,275.0,23.0,329.57099999999997,23.0,32.473,2.716,1.005,0.084,1.205,0.084,6.32,342.86400000000003,29.3,64.204,1.04,71.72,28.7,56974.0,4433.0,0.20800000000000002,0.016,2108.0,0.008,6.4,5.7,1,20200426.0
22806,IDN,Asia,Indonesia,273523621.0,0.6939999999999967,11188.743999999957,2020-04-27,9096.0,765.0,214.0,22.0,333.714,25.0,33.255,2.7969999999999997,0.782,0.08,1.22,0.091,6.32,342.86400000000003,29.3,64.204,1.04,71.72,28.7,59409.0,2435.0,0.217,0.009000000000000001,2237.0,0.008,6.7,5.7,1,20200427.0
22807,IDN,Asia,Indonesia,273523621.0,0.6939999999999967,11188.743999999957,2020-04-28,9511.0,773.0,415.0,8.0,339.42900000000003,22.429000000000002,34.772,2.826,1.517,0.028999999999999998,1.2409999999999999,0.08199999999999999,6.32,342.86400000000003,29.3,64.204,1.04,71.72,28.7,62544.0,3135.0,0.22899999999999998,0.011000000000000001,2339.0,0.009000000000000001,6.9,5.7,1,20200428.0
22808,IDN,Asia,Indonesia,273523621.0,0.6939999999999967,11188.743999999957,2020-04-29,9771.0,784.0,260.0,11.0,336.14300000000003,21.285999999999998,35.723,2.866,0.951,0.04,1.229,0.078,6.32,342.86400000000003,29.3,64.204,1.04,71.72,28.7,67784.0,5240.0,0.248,0.019,2918.0,0.011000000000000001,8.7,5.7,1,20200429.0
22809,IDN,Asia,Indonesia,273523621.0,0.6939999999999967,11188.743999999957,2020-04-30,10118.0,792.0,347.0,8.0,334.714,20.714000000000002,36.991,2.8960000000000004,1.2690000000000001,0.028999999999999998,1.224,0.076,6.32,342.86400000000003,29.3,64.204,1.04,71.72,28.7,72351.0,4567.0,0.265,0.017,3386.0,0.012,10.1,5.7,1,20200430.0
22810,IDN,Asia,Indonesia,273523621.0,0.6939999999999967,11188.743999999957,2020-05-01,10551.0,800.0,433.0,8.0,334.286,15.857000000000001,38.574,2.925,1.5830000000000002,0.028999999999999998,1.222,0.057999999999999996,6.32,342.86400000000003,29.3,64.204,1.04,71.72,28.7,76538.0,4187.0,0.28,0.015,3711.0,0.013999999999999999,11.1,5.7,1,20200501.0
22811,IDN,Asia,Indonesia,273523621.0,0.6939999999999967,11188.743999999957,2020-05-02,10843.0,831.0,292.0,31.0,319.42900000000003,15.857000000000001,39.641999999999996,3.0380000000000003,1.068,0.113,1.168,0.057999999999999996,6.32,342.86400000000003,29.3,64.204,1.04,71.72,28.7,79868.0,3330.0,0.292,0.012,3904.0,0.013999999999999999,12.2,5.7,1,20200502.0
22812,IDN,Asia,Indonesia,273523621.0,0.6939999999999967,11188.743999999957,2020-05-03,11192.0,845.0,349.0,14.0,330.0,14.571,40.918,3.089,1.276,0.051,1.206,0.053,6.32,342.86400000000003,29.3,64.204,1.04,71.72,28.7,83012.0,3144.0,0.303,0.011000000000000001,3720.0,0.013999999999999999,11.3,5.7,1,20200503.0
22813,IDN,Asia,Indonesia,273523621.0,0.6939999999999967,11188.743999999957,2020-05-04,11587.0,864.0,395.0,19.0,355.85699999999997,14.142999999999999,42.361999999999995,3.159,1.444,0.069,1.301,0.052000000000000005,6.32,342.86400000000003,29.3,64.204,1.04,71.72,28.7,86061.0,3049.0,0.315,0.011000000000000001,3807.0,0.013999999999999999,10.7,5.7,1,20200504.0
22814,IDN,Asia,Indonesia,273523621.0,0.6939999999999967,11188.743999999957,2020-05-05,12071.0,872.0,484.0,8.0,365.714,14.142999999999999,44.131,3.188,1.7690000000000001,0.028999999999999998,1.337,0.052000000000000005,6.32,342.86400000000003,29.3,64.204,1.04,71.72,28.7,88924.0,2863.0,0.325,0.01,3769.0,0.013999999999999999,10.3,5.7,1,20200505.0
22815,IDN,Asia,Indonesia,273523621.0,0.6939999999999967,11188.743999999957,2020-05-06,12438.0,895.0,367.0,23.0,381.0,15.857000000000001,45.473,3.272,1.3419999999999999,0.084,1.393,0.057999999999999996,6.32,342.86400000000003,29.3,64.204,1.04,71.72,28.7,92976.0,4052.0,0.34,0.015,3599.0,0.013000000000000001,9.4,5.7,1,20200506.0
22816,IDN,Asia,Indonesia,273523621.0,0.6939999999999967,11188.743999999957,2020-05-07,12776.0,930.0,338.0,35.0,379.714,19.714000000000002,46.708999999999996,3.4,1.236,0.128,1.3880000000000001,0.07200000000000001,6.32,342.86400000000003,29.3,64.204,1.04,71.72,28.7,96717.0,3741.0,0.354,0.013999999999999999,3481.0,0.013000000000000001,9.2,5.7,1,20200507.0
22817,IDN,Asia,Indonesia,273523621.0,0.6939999999999967,11188.743999999957,2020-05-08,13112.0,943.0,336.0,13.0,365.85699999999997,20.429000000000002,47.937,3.448,1.228,0.048,1.338,0.075,6.32,342.86400000000003,29.3,64.204,1.04,71.72,28.7,103361.0,6644.0,0.37799999999999995,0.024,3832.0,0.013999999999999999,10.5,5.7,1,20200508.0
22818,IDN,Asia,Indonesia,273523621.0,0.6939999999999967,11188.743999999957,2020-05-09,13645.0,959.0,533.0,16.0,400.286,18.285999999999998,49.886,3.5060000000000002,1.949,0.057999999999999996,1.463,0.067,6.32,342.86400000000003,29.3,64.204,1.04,71.72,28.7,108699.0,5338.0,0.397,0.02,4119.0,0.015,10.3,5.7,1,20200509.0
22819,IDN,Asia,Indonesia,273523621.0,0.6939999999999967,11188.743999999957,2020-05-10,14032.0,973.0,387.0,14.0,405.714,18.285999999999998,51.301,3.557,1.415,0.051,1.483,0.067,6.32,342.86400000000003,29.3,64.204,1.04,71.72,28.7,113452.0,4753.0,0.415,0.017,4349.0,0.016,10.7,5.7,1,20200510.0
22820,IDN,Asia,Indonesia,273523621.0,0.6939999999999967,11188.743999999957,2020-05-11,14265.0,991.0,233.0,18.0,382.57099999999997,18.143,52.153,3.623,0.852,0.066,1.399,0.066,6.32,342.86400000000003,29.3,64.204,1.04,71.72,28.7,116358.0,2906.0,0.425,0.011000000000000001,4328.0,0.016,11.3,5.7,1,20200511.0
22821,IDN,Asia,Indonesia,273523621.0,0.6939999999999967,11188.743999999957,2020-05-12,14749.0,1007.0,484.0,16.0,382.57099999999997,19.285999999999998,53.922,3.682,1.7690000000000001,0.057999999999999996,1.399,0.071,6.32,342.86400000000003,29.3,64.204,1.04,71.72,28.7,119728.0,3370.0,0.43799999999999994,0.012,4401.0,0.016,11.5,5.7,1,20200512.0
22822,IDN,Asia,Indonesia,273523621.0,0.6939999999999967,11188.743999999957,2020-05-13,15438.0,1028.0,689.0,21.0,428.57099999999997,19.0,56.441,3.758,2.519,0.077,1.567,0.069,6.32,342.86400000000003,29.3,64.204,1.04,71.72,28.7,123572.0,3844.0,0.452,0.013999999999999999,4371.0,0.016,10.2,5.7,1,20200513.0
22823,IDN,Asia,Indonesia,273523621.0,0.6939999999999967,11188.743999999957,2020-05-14,16006.0,1043.0,568.0,15.0,461.42900000000003,16.143,58.518,3.813,2.077,0.055,1.6869999999999998,0.059000000000000004,6.32,342.86400000000003,29.3,64.204,1.04,71.72,28.7,127813.0,4241.0,0.467,0.016,4442.0,0.016,9.6,5.7,1,20200514.0
22824,IDN,Asia,Indonesia,273523621.0,0.6939999999999967,11188.743999999957,2020-05-15,16496.0,1076.0,490.0,33.0,483.42900000000003,19.0,60.309,3.9339999999999997,1.791,0.121,1.767,0.069,6.32,342.86400000000003,29.3,64.204,1.04,71.72,28.7,132060.0,4247.0,0.483,0.016,4100.0,0.015,8.5,5.7,1,20200515.0
22825,IDN,Asia,Indonesia,273523621.0,0.6939999999999967,11188.743999999957,2020-05-16,17025.0,1089.0,529.0,13.0,482.85699999999997,18.570999999999998,62.243,3.9810000000000003,1.9340000000000002,0.048,1.765,0.068,6.32,342.86400000000003,29.3,64.204,1.04,71.72,28.7,135726.0,3666.0,0.496,0.013000000000000001,3861.0,0.013999999999999999,8.0,5.7,1,20200516.0
22826,IDN,Asia,Indonesia,273523621.0,0.6939999999999967,11188.743999999957,2020-05-17,17514.0,1148.0,489.0,59.0,497.42900000000003,25.0,64.031,4.197,1.788,0.21600000000000003,1.819,0.091,6.32,342.86400000000003,29.3,64.204,1.04,71.72,28.7,140479.0,4753.0,0.514,0.017,3861.0,0.013999999999999999,7.8,5.7,1,20200517.0
22827,IDN,Asia,Indonesia,273523621.0,0.6939999999999967,11188.743999999957,2020-05-18,18010.0,1191.0,496.0,43.0,535.0,28.570999999999998,65.844,4.354,1.8130000000000002,0.157,1.956,0.10400000000000001,6.32,342.86400000000003,29.3,64.204,1.04,71.72,28.7,143035.0,2556.0,0.523,0.009000000000000001,3811.0,0.013999999999999999,7.1,5.7,1,20200518.0
22828,IDN,Asia,Indonesia,273523621.0,0.6939999999999967,11188.743999999957,2020-05-19,18496.0,1221.0,486.0,30.0,535.286,30.570999999999998,67.62100000000001,4.4639999999999995,1.777,0.11,1.9569999999999999,0.11199999999999999,6.32,342.86400000000003,29.3,64.204,1.04,71.72,28.7,147799.0,4764.0,0.54,0.017,4010.0,0.015,7.5,5.7,1,20200519.0
22829,IDN,Asia,Indonesia,273523621.0,0.6939999999999967,11188.743999999957,2020-05-20,19189.0,1242.0,693.0,21.0,535.857,30.570999999999998,70.155,4.541,2.5340000000000003,0.077,1.959,0.11199999999999999,6.32,342.86400000000003,29.3,64.204,1.04,71.72,28.7,154139.0,6340.0,0.564,0.023,4367.0,0.016,8.1,5.7,1,20200520.0
22830,IDN,Asia,Indonesia,273523621.0,0.6939999999999967,11188.743999999957,2020-05-21,20162.0,1278.0,973.0,36.0,593.714,33.571,73.712,4.672,3.557,0.132,2.171,0.12300000000000001,6.32,342.86400000000003,29.3,64.204,1.04,71.72,28.7,0.0,0.0,0.0,0.0,4820.0,0.018000000000000002,8.1,5.7,1,20200521.0
22831,IDN,Asia,Indonesia,273523621.0,0.6939999999999967,11188.743999999957,2020-05-22,20796.0,1326.0,634.0,48.0,614.286,35.714,76.03,4.848,2.318,0.175,2.246,0.131,6.32,342.86400000000003,29.3,64.204,1.04,71.72,28.7,168969.0,0.0,0.618,0.0,5273.0,0.019,8.6,5.7,1,20200522.0
22832,IDN,Asia,Indonesia,273523621.0,0.6939999999999967,11188.743999999957,2020-05-23,21745.0,1351.0,949.0,25.0,674.2860000000001,37.429,79.5,4.939,3.47,0.091,2.465,0.13699999999999998,6.32,342.86400000000003,29.3,64.204,1.04,71.72,28.7,176035.0,7066.0,0.644,0.026000000000000002,5758.0,0.021,8.5,5.7,1,20200523.0
22833,IDN,Asia,Indonesia,273523621.0,0.6939999999999967,11188.743999999957,2020-05-24,22271.0,1372.0,526.0,21.0,679.571,32.0,81.423,5.016,1.923,0.077,2.485,0.11699999999999999,6.32,342.86400000000003,29.3,64.204,1.04,71.72,28.7,179864.0,3829.0,0.6579999999999999,0.013999999999999999,5626.0,0.021,8.3,5.7,1,20200524.0
22834,IDN,Asia,Indonesia,273523621.0,0.6939999999999967,11188.743999999957,2020-05-25,22750.0,1391.0,479.0,19.0,677.143,28.570999999999998,83.17399999999999,5.085,1.751,0.069,2.476,0.10400000000000001,6.32,342.86400000000003,29.3,64.204,1.04,71.72,28.7,183192.0,3328.0,0.67,0.012,5737.0,0.021,8.5,5.7,1,20200525.0
22835,IDN,Asia,Indonesia,273523621.0,0.6939999999999967,11188.743999999957,2020-05-26,23165.0,1418.0,415.0,27.0,667.0,28.143,84.691,5.184,1.517,0.099,2.439,0.10300000000000001,6.32,342.86400000000003,29.3,64.204,1.04,71.72,28.7,188302.0,5110.0,0.688,0.019,5786.0,0.021,8.7,5.7,1,20200526.0
22836,IDN,Asia,Indonesia,273523621.0,0.6939999999999967,11188.743999999957,2020-05-27,23851.0,1473.0,686.0,55.0,666.0,33.0,87.199,5.385,2.508,0.201,2.435,0.121,6.32,342.86400000000003,29.3,64.204,1.04,71.72,28.7,195518.0,7216.0,0.715,0.026000000000000002,5911.0,0.022000000000000002,8.9,5.7,1,20200527.0
22837,IDN,Asia,Indonesia,273523621.0,0.6939999999999967,11188.743999999957,2020-05-28,24538.0,1496.0,687.0,23.0,625.143,31.143,89.711,5.468999999999999,2.512,0.084,2.286,0.114,6.32,342.86400000000003,29.3,64.204,1.04,71.72,28.7,201311.0,5793.0,0.736,0.021,5680.0,0.021,9.1,5.7,1,20200528.0
22838,IDN,Asia,Indonesia,273523621.0,0.6939999999999967,11188.743999999957,2020-05-29,25216.0,1520.0,678.0,24.0,631.429,27.714000000000002,92.189,5.557,2.479,0.08800000000000001,2.3080000000000003,0.10099999999999999,6.32,342.86400000000003,29.3,64.204,1.04,71.72,28.7,205250.0,3939.0,0.75,0.013999999999999999,5183.0,0.019,8.2,5.7,1,20200529.0
22839,IDN,Asia,Indonesia,273523621.0,0.6939999999999967,11188.743999999957,2020-05-30,25773.0,1573.0,557.0,53.0,575.429,31.714000000000002,94.226,5.751,2.036,0.19399999999999998,2.104,0.11599999999999999,6.32,342.86400000000003,29.3,64.204,1.04,71.72,28.7,216769.0,11519.0,0.7929999999999999,0.042,5819.0,0.021,10.1,5.7,1,20200530.0
22840,IDN,Asia,Indonesia,273523621.0,0.6939999999999967,11188.743999999957,2020-05-31,26473.0,1613.0,700.0,40.0,600.286,34.429,96.785,5.897,2.559,0.146,2.195,0.126,6.32,342.86400000000003,29.3,64.204,1.04,71.72,28.7,223624.0,6855.0,0.818,0.025,6251.0,0.023,10.4,5.7,1,20200531.0
22841,IDN,Asia,Indonesia,273523621.0,0.6939999999999967,11188.743999999957,2020-06-01,26940.0,1641.0,467.0,28.0,598.571,35.714,98.492,5.999,1.7069999999999999,0.102,2.188,0.131,6.32,342.86400000000003,29.3,64.204,1.04,71.72,28.7,232113.0,8489.0,0.8490000000000001,0.031,6989.0,0.026000000000000002,11.7,5.7,1,20200601.0
22842,IDN,Asia,Indonesia,273523621.0,0.6939999999999967,11188.743999999957,2020-06-02,27549.0,1663.0,609.0,22.0,626.286,35.0,100.719,6.08,2.226,0.08,2.29,0.128,6.32,342.86400000000003,29.3,64.204,1.04,71.72,28.7,237947.0,5834.0,0.87,0.021,7092.0,0.026000000000000002,11.3,5.7,1,20200602.0
22843,IDN,Asia,Indonesia,273523621.0,0.6939999999999967,11188.743999999957,2020-06-03,28233.0,1698.0,684.0,35.0,626.0,32.143,103.22,6.207999999999999,2.501,0.128,2.289,0.11800000000000001,6.32,342.86400000000003,29.3,64.204,1.04,71.72,28.7,246433.0,8486.0,0.9009999999999999,0.031,7274.0,0.027000000000000003,11.6,5.7,1,20200603.0
22844,IDN,Asia,Indonesia,273523621.0,0.6939999999999967,11188.743999999957,2020-06-04,28818.0,1721.0,585.0,23.0,611.429,32.143,105.35799999999999,6.292000000000001,2.1390000000000002,0.084,2.235,0.11800000000000001,6.32,342.86400000000003,29.3,64.204,1.04,71.72,28.7,251736.0,5303.0,0.92,0.019,7204.0,0.026000000000000002,11.8,5.7,1,20200604.0
22845,IDN,Asia,Indonesia,273523621.0,0.6939999999999967,11188.743999999957,2020-06-05,29521.0,1770.0,703.0,49.0,615.0,35.714,107.929,6.471,2.57,0.179,2.248,0.131,6.32,342.86400000000003,29.3,64.204,1.04,71.72,28.7,256810.0,5074.0,0.9390000000000001,0.019,7366.0,0.027000000000000003,12.0,5.7,1,20200605.0
22846,IDN,Asia,Indonesia,273523621.0,0.6939999999999967,11188.743999999957,2020-06-06,30514.0,1801.0,993.0,31.0,677.2860000000001,32.571,111.559,6.584,3.63,0.113,2.476,0.11900000000000001,6.32,342.86400000000003,29.3,64.204,1.04,71.72,28.7,264740.0,7930.0,0.968,0.028999999999999998,6853.0,0.025,10.1,5.7,1,20200606.0
22847,IDN,Asia,Indonesia,273523621.0,0.6939999999999967,11188.743999999957,2020-06-07,31186.0,1851.0,672.0,50.0,673.2860000000001,34.0,114.016,6.767,2.457,0.183,2.4619999999999997,0.124,6.32,342.86400000000003,29.3,64.204,1.04,71.72,28.7,269146.0,4406.0,0.9840000000000001,0.016,6503.0,0.024,9.7,5.7,1,20200607.0
22848,IDN,Asia,Indonesia,273523621.0,0.6939999999999967,11188.743999999957,2020-06-08,32033.0,1883.0,847.0,32.0,727.571,34.571,117.11200000000001,6.8839999999999995,3.097,0.11699999999999999,2.66,0.126,6.32,342.86400000000003,29.3,64.204,1.04,71.72,28.7,274430.0,5284.0,1.003,0.019,6045.0,0.022000000000000002,8.3,5.7,1,20200608.0
22849,IDN,Asia,Indonesia,273523621.0,0.6939999999999967,11188.743999999957,2020-06-09,33076.0,1923.0,1043.0,40.0,789.571,37.143,120.926,7.03,3.813,0.146,2.887,0.136,6.32,342.86400000000003,29.3,64.204,1.04,71.72,28.7,281653.0,7223.0,1.03,0.026000000000000002,6244.0,0.023,7.9,5.7,1,20200609.0
22850,IDN,Asia,Indonesia,273523621.0,0.6939999999999967,11188.743999999957,2020-06-10,34316.0,1959.0,1240.0,36.0,869.0,37.286,125.459,7.162000000000001,4.533,0.132,3.177,0.136,6.32,342.86400000000003,29.3,64.204,1.04,71.72,28.7,287478.0,5825.0,1.051,0.021,5864.0,0.021,6.7,5.7,1,20200610.0
22851,IDN,Asia,Indonesia,273523621.0,0.6939999999999967,11188.743999999957,2020-06-11,35295.0,2000.0,979.0,41.0,925.2860000000001,39.857,129.03799999999998,7.312,3.5789999999999997,0.15,3.383,0.146,6.32,342.86400000000003,29.3,64.204,1.04,71.72,28.7,294671.0,7193.0,1.077,0.026000000000000002,6134.0,0.022000000000000002,6.6,5.7,1,20200611.0
22852,IDN,Asia,Indonesia,273523621.0,0.6939999999999967,11188.743999999957,2020-06-12,36406.0,2048.0,1111.0,48.0,983.571,39.714,133.1,7.487,4.062,0.175,3.596,0.145,6.32,342.86400000000003,29.3,64.204,1.04,71.72,28.7,302147.0,7476.0,1.105,0.027000000000000003,6477.0,0.024,6.6,5.7,1,20200612.0
22853,IDN,Asia,Indonesia,273523621.0,0.6939999999999967,11188.743999999957,2020-06-13,37420.0,2091.0,1014.0,43.0,986.571,41.428999999999995,136.80700000000002,7.645,3.707,0.157,3.6069999999999998,0.151,6.32,342.86400000000003,29.3,64.204,1.04,71.72,28.7,313275.0,11128.0,1.145,0.040999999999999995,6934.0,0.025,7.0,5.7,1,20200613.0
22854,IDN,Asia,Indonesia,273523621.0,0.6939999999999967,11188.743999999957,2020-06-14,38277.0,2134.0,857.0,43.0,1013.0,40.429,139.94,7.8020000000000005,3.133,0.157,3.7039999999999997,0.14800000000000002,6.32,342.86400000000003,29.3,64.204,1.04,71.72,28.7,0.0,0.0,0.0,0.0,7441.0,0.027000000000000003,7.3,5.7,1,20200614.0
22855,IDN,Asia,Indonesia,273523621.0,0.6939999999999967,11188.743999999957,2020-06-15,39294.0,2198.0,1017.0,64.0,1037.286,45.0,143.659,8.036,3.718,0.23399999999999999,3.792,0.165,6.32,342.86400000000003,29.3,64.204,1.04,71.72,28.7,329190.0,0.0,1.204,0.0,7823.0,0.028999999999999998,7.5,5.7,1,20200615.0
22856,IDN,Asia,Indonesia,273523621.0,0.6939999999999967,11188.743999999957,2020-06-16,40400.0,2231.0,1106.0,33.0,1046.286,44.0,147.702,8.157,4.044,0.121,3.825,0.161,6.32,342.86400000000003,29.3,64.204,1.04,71.72,28.7,339309.0,10119.0,1.2409999999999999,0.037000000000000005,8237.0,0.03,7.9,5.7,1,20200616.0
22857,IDN,Asia,Indonesia,273523621.0,0.6939999999999967,11188.743999999957,2020-06-17,41431.0,2276.0,1031.0,45.0,1016.429,45.286,151.471,8.321,3.7689999999999997,0.165,3.716,0.166,6.32,342.86400000000003,29.3,64.204,1.04,71.72,28.7,348278.0,8969.0,1.273,0.033,8686.0,0.032,8.5,5.7,1,20200617.0
22858,IDN,Asia,Indonesia,273523621.0,0.6939999999999967,11188.743999999957,2020-06-18,42762.0,2339.0,1331.0,63.0,1066.714,48.428999999999995,156.338,8.551,4.8660000000000005,0.23,3.9,0.177,6.32,342.86400000000003,29.3,64.204,1.04,71.72,28.7,358659.0,10381.0,1.311,0.038,9141.0,0.033,8.6,5.7,1,20200618.0
22859,IDN,Asia,Indonesia,273523621.0,0.6939999999999967,11188.743999999957,2020-06-19,43803.0,2373.0,1041.0,34.0,1056.714,46.428999999999995,160.143,8.676,3.806,0.124,3.863,0.17,6.32,342.86400000000003,29.3,64.204,1.04,71.72,28.7,366581.0,7922.0,1.34,0.028999999999999998,9205.0,0.034,8.7,5.7,1,20200619.0
22860,IDN,Asia,Indonesia,273523621.0,0.6939999999999967,11188.743999999957,2020-06-20,45029.0,2429.0,1226.0,56.0,1087.0,48.286,164.62599999999998,8.88,4.482,0.205,3.9739999999999998,0.177,6.32,342.86400000000003,29.3,64.204,1.04,71.72,28.7,376518.0,9937.0,1.3769999999999998,0.036000000000000004,9035.0,0.033,8.3,5.7,1,20200620.0
22861,IDN,Asia,Indonesia,273523621.0,0.6939999999999967,11188.743999999957,2020-06-21,45891.0,2465.0,862.0,36.0,1087.714,47.286,167.77700000000002,9.012,3.1510000000000002,0.132,3.977,0.17300000000000001,6.32,342.86400000000003,29.3,64.204,1.04,71.72,28.7,383105.0,6587.0,1.401,0.024,8839.0,0.032,8.1,5.7,1,20200621.0
22862,IDN,Asia,Indonesia,273523621.0,0.6939999999999967,11188.743999999957,2020-06-22,46845.0,2500.0,954.0,35.0,1078.714,43.143,171.265,9.14,3.488,0.128,3.944,0.158,6.32,342.86400000000003,29.3,64.204,1.04,71.72,28.7,393117.0,10012.0,1.4369999999999998,0.037000000000000005,9132.0,0.033,8.5,5.7,1,20200622.0
22863,IDN,Asia,Indonesia,273523621.0,0.6939999999999967,11188.743999999957,2020-06-23,47896.0,2535.0,1051.0,35.0,1070.857,43.428999999999995,175.107,9.267999999999999,3.842,0.128,3.915,0.159,6.32,342.86400000000003,29.3,64.204,1.04,71.72,28.7,401681.0,8564.0,1.469,0.031,8910.0,0.033,8.3,5.7,1,20200623.0
22864,IDN,Asia,Indonesia,273523621.0,0.6939999999999967,11188.743999999957,2020-06-24,49009.0,2573.0,1113.0,38.0,1082.5710000000001,42.428999999999995,179.176,9.407,4.069,0.139,3.958,0.155,6.32,342.86400000000003,29.3,64.204,1.04,71.72,28.7,413919.0,12238.0,1.5130000000000001,0.045,9377.0,0.034,8.7,5.7,1,20200624.0
22865,IDN,Asia,Indonesia,273523621.0,0.6939999999999967,11188.743999999957,2020-06-25,50187.0,2620.0,1178.0,47.0,1060.714,40.143,183.483,9.579,4.3069999999999995,0.172,3.878,0.147,6.32,342.86400000000003,29.3,64.204,1.04,71.72,28.7,427158.0,13239.0,1.5619999999999998,0.048,9786.0,0.036000000000000004,9.2,5.7,1,20200625.0
22866,IDN,Asia,Indonesia,273523621.0,0.6939999999999967,11188.743999999957,2020-06-26,51427.0,2683.0,1240.0,63.0,1089.143,44.286,188.017,9.809,4.533,0.23,3.9819999999999998,0.162,6.32,342.86400000000003,29.3,64.204,1.04,71.72,28.7,0.0,0.0,0.0,0.0,10255.0,0.037000000000000005,9.4,5.7,1,20200626.0
22867,IDN,Asia,Indonesia,273523621.0,0.6939999999999967,11188.743999999957,2020-06-27,52812.0,2720.0,1385.0,37.0,1111.857,41.571000000000005,193.08,9.943999999999999,5.064,0.135,4.065,0.152,6.32,342.86400000000003,29.3,64.204,1.04,71.72,28.7,449569.0,0.0,1.6440000000000001,0.0,10436.0,0.038,9.4,5.7,1,20200627.0
22868,IDN,Asia,Indonesia,273523621.0,0.6939999999999967,11188.743999999957,2020-06-28,54010.0,2754.0,1198.0,34.0,1159.857,41.286,197.46,10.068999999999999,4.38,0.124,4.24,0.151,6.32,342.86400000000003,29.3,64.204,1.04,71.72,28.7,456636.0,7067.0,1.669,0.026000000000000002,10504.0,0.038,9.1,5.7,1,20200628.0
22869,IDN,Asia,Indonesia,273523621.0,0.6939999999999967,11188.743999999957,2020-06-29,55092.0,2805.0,1082.0,51.0,1178.143,43.571000000000005,201.416,10.255,3.9560000000000004,0.18600000000000003,4.3069999999999995,0.159,6.32,342.86400000000003,29.3,64.204,1.04,71.72,28.7,465683.0,9047.0,1.703,0.033,10367.0,0.038,8.8,5.7,1,20200629.0
22870,IDN,Asia,Indonesia,273523621.0,0.6939999999999967,11188.743999999957,2020-06-30,56385.0,2876.0,1293.0,71.0,1212.714,48.714,206.143,10.515,4.727,0.26,4.434,0.17800000000000002,6.32,342.86400000000003,29.3,64.204,1.04,71.72,28.7,477318.0,11635.0,1.745,0.043,10805.0,0.04,8.9,5.7,1,20200630.0
22871,IDN,Asia,Indonesia,273523621.0,0.6939999999999967,11188.743999999957,2020-07-01,57770.0,2934.0,1385.0,58.0,1251.5710000000001,51.571000000000005,211.207,10.727,5.064,0.212,4.5760000000000005,0.18899999999999997,6.32,342.86400000000003,29.3,64.204,1.04,71.72,28.7,492318.0,15000.0,1.8,0.055,11200.0,0.040999999999999995,8.9,5.7,1,20200701.0
22872,IDN,Asia,Indonesia,273523621.0,0.6939999999999967,11188.743999999957,2020-07-02,59394.0,2987.0,1624.0,53.0,1315.286,52.428999999999995,217.144,10.92,5.937,0.19399999999999998,4.809,0.192,6.32,342.86400000000003,29.3,64.204,1.04,71.72,28.7,0.0,0.0,0.0,0.0,11087.0,0.040999999999999995,8.4,5.7,1,20200702.0
22873,IDN,Asia,Indonesia,273523621.0,0.6939999999999967,11188.743999999957,2020-07-03,60695.0,3036.0,1301.0,49.0,1324.0,50.428999999999995,221.9,11.1,4.756,0.179,4.841,0.184,6.32,342.86400000000003,29.3,64.204,1.04,71.72,28.7,0.0,0.0,0.0,0.0,11265.0,0.040999999999999995,8.5,5.7,1,20200703.0
22874,IDN,Asia,Indonesia,273523621.0,0.6939999999999967,11188.743999999957,2020-07-04,62142.0,3089.0,1447.0,53.0,1332.8570000000002,52.714,227.19099999999997,11.293,5.29,0.19399999999999998,4.873,0.193,6.32,342.86400000000003,29.3,64.204,1.04,71.72,28.7,529669.0,0.0,1.936,0.0,11443.0,0.042,8.6,5.7,1,20200704.0
22875,IDN,Asia,Indonesia,273523621.0,0.6939999999999967,11188.743999999957,2020-07-05,63749.0,3171.0,1607.0,82.0,1391.286,59.571000000000005,233.06599999999997,11.593,5.875,0.3,5.087,0.218,6.32,342.86400000000003,29.3,64.204,1.04,71.72,28.7,0.0,0.0,0.0,0.0,12034.0,0.044000000000000004,8.6,5.7,1,20200705.0
22876,IDN,Asia,Indonesia,273523621.0,0.6939999999999967,11188.743999999957,2020-07-06,64958.0,3241.0,1209.0,70.0,1409.4289999999999,62.286,237.486,11.849,4.42,0.256,5.153,0.228,6.32,342.86400000000003,29.3,64.204,1.04,71.72,28.7,552084.0,0.0,2.0180000000000002,0.0,12343.0,0.045,8.8,5.7,1,20200706.0
22877,IDN,Asia,Indonesia,273523621.0,0.6939999999999967,11188.743999999957,2020-07-07,66226.0,3309.0,1268.0,68.0,1405.8570000000002,61.857,242.122,12.097999999999999,4.636,0.249,5.14,0.226,6.32,342.86400000000003,29.3,64.204,1.04,71.72,28.7,562759.0,10675.0,2.057,0.039,12206.0,0.045,8.7,5.7,1,20200707.0
22878,IDN,Asia,Indonesia,273523621.0,0.6939999999999967,11188.743999999957,2020-07-08,68079.0,3359.0,1853.0,50.0,1472.714,60.714,248.896,12.28,6.775,0.183,5.3839999999999995,0.222,6.32,342.86400000000003,29.3,64.204,1.04,71.72,28.7,0.0,0.0,0.0,0.0,11872.0,0.043,8.1,5.7,1,20200708.0
22879,IDN,Asia,Indonesia,273523621.0,0.6939999999999967,11188.743999999957,2020-07-09,70736.0,3417.0,2657.0,58.0,1620.286,61.428999999999995,258.61,12.493,9.714,0.212,5.9239999999999995,0.225,6.32,342.86400000000003,29.3,64.204,1.04,71.72,28.7,588080.0,0.0,2.15,0.0,11902.0,0.044000000000000004,7.3,5.7,1,20200709.0
22880,IDN,Asia,Indonesia,273523621.0,0.6939999999999967,11188.743999999957,2020-07-10,72347.0,3469.0,1611.0,52.0,1664.5710000000001,61.857,264.5,12.683,5.89,0.19,6.086,0.226,6.32,342.86400000000003,29.3,64.204,1.04,71.72,28.7,597468.0,9388.0,2.184,0.034,11464.0,0.042,6.9,5.7,1,20200710.0
22881,IDN,Asia,Indonesia,273523621.0,0.6939999999999967,11188.743999999957,2020-07-11,74018.0,3535.0,1671.0,66.0,1696.5710000000001,63.714,270.60900000000004,12.924000000000001,6.109,0.24100000000000002,6.202999999999999,0.233,6.32,342.86400000000003,29.3,64.204,1.04,71.72,28.7,610093.0,12625.0,2.23,0.046,11489.0,0.042,6.8,5.7,1,20200711.0
22882,IDN,Asia,Indonesia,273523621.0,0.6939999999999967,11188.743999999957,2020-07-12,75699.0,3606.0,1681.0,71.0,1707.1429999999998,62.143,276.755,13.184000000000001,6.146,0.26,6.2410000000000005,0.22699999999999998,6.32,342.86400000000003,29.3,64.204,1.04,71.72,28.7,621087.0,10994.0,2.271,0.04,11459.0,0.042,6.7,5.7,1,20200712.0
22883,IDN,Asia,Indonesia,273523621.0,0.6939999999999967,11188.743999999957,2020-07-13,76981.0,3656.0,1282.0,50.0,1717.5710000000001,59.286,281.442,13.366,4.687,0.183,6.279,0.217,6.32,342.86400000000003,29.3,64.204,1.04,71.72,28.7,630149.0,9062.0,2.3040000000000003,0.033,11152.0,0.040999999999999995,6.5,5.7,1,20200713.0
22884,IDN,Asia,Indonesia,273523621.0,0.6939999999999967,11188.743999999957,2020-07-14,78572.0,3710.0,1591.0,54.0,1763.714,57.286,287.259,13.564,5.817,0.19699999999999998,6.4479999999999995,0.209,6.32,342.86400000000003,29.3,64.204,1.04,71.72,28.7,0.0,0.0,0.0,0.0,11592.0,0.042,6.6,5.7,1,20200714.0
22885,IDN,Asia,Indonesia,273523621.0,0.6939999999999967,11188.743999999957,2020-07-15,80094.0,3797.0,1522.0,87.0,1716.4289999999999,62.571000000000005,292.823,13.882,5.564,0.318,6.275,0.22899999999999998,6.32,342.86400000000003,29.3,64.204,1.04,71.72,28.7,657655.0,0.0,2.404,0.0,11748.0,0.043,6.8,5.7,1,20200715.0
22886,IDN,Asia,Indonesia,273523621.0,0.6939999999999967,11188.743999999957,2020-07-16,81668.0,3873.0,1574.0,76.0,1561.714,65.143,298.578,14.16,5.755,0.278,5.71,0.23800000000000002,6.32,342.86400000000003,29.3,64.204,1.04,71.72,28.7,669811.0,12156.0,2.449,0.044000000000000004,11676.0,0.043,7.5,5.7,1,20200716.0
22887,IDN,Asia,Indonesia,273523621.0,0.6939999999999967,11188.743999999957,2020-07-17,83130.0,3957.0,1462.0,84.0,1540.4289999999999,69.714,303.923,14.467,5.345,0.307,5.632000000000001,0.255,6.32,342.86400000000003,29.3,64.204,1.04,71.72,28.7,683805.0,13994.0,2.5,0.051,12334.0,0.045,8.0,5.7,1,20200717.0
22888,IDN,Asia,Indonesia,273523621.0,0.6939999999999967,11188.743999999957,2020-07-18,84882.0,4016.0,1752.0,59.0,1552.0,68.714,310.328,14.682,6.405,0.21600000000000003,5.6739999999999995,0.251,6.32,342.86400000000003,29.3,64.204,1.04,71.72,28.7,697043.0,13238.0,2.548,0.048,12421.0,0.045,8.0,5.7,1,20200718.0
22889,IDN,Asia,Indonesia,273523621.0,0.6939999999999967,11188.743999999957,2020-07-19,86521.0,4143.0,1639.0,127.0,1546.0,76.714,316.32,15.147,5.992000000000001,0.46399999999999997,5.652,0.28,6.32,342.86400000000003,29.3,64.204,1.04,71.72,28.7,707238.0,10195.0,2.5860000000000003,0.037000000000000005,12307.0,0.045,8.0,5.7,1,20200719.0
22890,IDN,Asia,Indonesia,273523621.0,0.6939999999999967,11188.743999999957,2020-07-20,88214.0,4239.0,1693.0,96.0,1604.714,83.286,322.51,15.498,6.19,0.35100000000000003,5.867000000000001,0.304,6.32,342.86400000000003,29.3,64.204,1.04,71.72,28.7,720497.0,13259.0,2.634,0.048,12907.0,0.047,8.0,5.7,1,20200720.0
22891,IDN,Asia,Indonesia,273523621.0,0.6939999999999967,11188.743999999957,2020-07-21,89869.0,4320.0,1655.0,81.0,1613.8570000000002,87.14299999999999,328.56,15.794,6.051,0.29600000000000004,5.9,0.319,6.32,342.86400000000003,29.3,64.204,1.04,71.72,28.7,737844.0,17347.0,2.698,0.063,13420.0,0.049,8.3,5.7,1,20200721.0
22892,IDN,Asia,Indonesia,273523621.0,0.6939999999999967,11188.743999999957,2020-07-22,91751.0,4459.0,1882.0,139.0,1665.286,94.571,335.441,16.302,6.881,0.508,6.087999999999999,0.34600000000000003,6.32,342.86400000000003,29.3,64.204,1.04,71.72,28.7,749626.0,11782.0,2.741,0.043,13139.0,0.048,7.9,5.7,1,20200722.0
22893,IDN,Asia,Indonesia,273523621.0,0.6939999999999967,11188.743999999957,2020-07-23,93657.0,4576.0,1906.0,117.0,1712.714,100.429,342.409,16.73,6.968,0.428,6.2620000000000005,0.36700000000000005,6.32,342.86400000000003,29.3,64.204,1.04,71.72,28.7,762957.0,13331.0,2.7889999999999997,0.049,13307.0,0.049,7.8,5.7,1,20200723.0
22894,IDN,Asia,Indonesia,273523621.0,0.6939999999999967,11188.743999999957,2020-07-24,95418.0,4665.0,1761.0,89.0,1755.4289999999999,101.14299999999999,348.847,17.055,6.438,0.325,6.417999999999999,0.37,6.32,342.86400000000003,29.3,64.204,1.04,71.72,28.7,777100.0,14143.0,2.841,0.052000000000000005,13328.0,0.049,7.6,5.7,1,20200724.0
22895,IDN,Asia,Indonesia,273523621.0,0.6939999999999967,11188.743999999957,2020-07-25,97286.0,4714.0,1868.0,49.0,1772.0,99.714,355.67699999999996,17.234,6.829,0.179,6.478,0.365,6.32,342.86400000000003,29.3,64.204,1.04,71.72,28.7,789258.0,12158.0,2.886,0.044000000000000004,13174.0,0.048,7.4,5.7,1,20200725.0
22896,IDN,Asia,Indonesia,273523621.0,0.6939999999999967,11188.743999999957,2020-07-26,98778.0,4781.0,1492.0,67.0,1751.0,91.14299999999999,361.13199999999995,17.479,5.455,0.245,6.402,0.33299999999999996,6.32,342.86400000000003,29.3,64.204,1.04,71.72,28.7,796950.0,7692.0,2.9139999999999997,0.027999999999999997,12816.0,0.047,7.3,5.7,1,20200726.0
22897,IDN,Asia,Indonesia,273523621.0,0.6939999999999967,11188.743999999957,2020-07-27,100303.0,4838.0,1525.0,57.0,1727.0,85.571,366.707,17.688,5.575,0.20800000000000002,6.314,0.313,6.32,342.86400000000003,29.3,64.204,1.04,71.72,28.7,0.0,0.0,0.0,0.0,11707.0,0.043,6.8,5.7,1,20200727.0
22898,IDN,Asia,Indonesia,273523621.0,0.6939999999999967,11188.743999999957,2020-07-28,102051.0,4901.0,1748.0,63.0,1740.286,83.0,373.098,17.918,6.391,0.23,6.362,0.303,6.32,342.86400000000003,29.3,64.204,1.04,71.72,28.7,807946.0,0.0,2.9539999999999997,0.0,10015.0,0.037000000000000005,5.8,5.7,1,20200728.0
22899,IDN,Asia,Indonesia,273523621.0,0.6939999999999967,11188.743999999957,2020-07-29,104432.0,4975.0,2381.0,74.0,1811.5710000000001,73.714,381.80199999999996,18.189,8.705,0.271,6.622999999999999,0.26899999999999996,6.32,342.86400000000003,29.3,64.204,1.04,71.72,28.7,841027.0,33081.0,3.075,0.121,13057.0,0.048,7.2,5.7,1,20200729.0
22900,IDN,Asia,Indonesia,273523621.0,0.6939999999999967,11188.743999999957,2020-07-30,106336.0,5058.0,1904.0,83.0,1811.286,68.857,388.76300000000003,18.492,6.961,0.303,6.622000000000001,0.252,6.32,342.86400000000003,29.3,64.204,1.04,71.72,28.7,856003.0,14976.0,3.13,0.055,13292.0,0.049,7.3,5.7,1,20200730.0
22901,IDN,Asia,Indonesia,273523621.0,0.6939999999999967,11188.743999999957,2020-07-31,108376.0,5131.0,2040.0,73.0,1851.1429999999998,66.571,396.222,18.759,7.457999999999999,0.267,6.768,0.243,6.32,342.86400000000003,29.3,64.204,1.04,71.72,28.7,866539.0,10536.0,3.168,0.039,12777.0,0.047,6.9,5.7,1,20200731.0
22902,IDN,Asia,Indonesia,273523621.0,0.6939999999999967,11188.743999999957,2020-08-01,109936.0,5193.0,1560.0,62.0,1807.1429999999998,68.429,401.925,18.986,5.702999999999999,0.22699999999999998,6.607,0.25,6.32,342.86400000000003,29.3,64.204,1.04,71.72,28.7,875894.0,9355.0,3.202,0.034,12377.0,0.045,6.8,5.7,1,20200801.0
22903,IDN,Asia,Indonesia,273523621.0,0.6939999999999967,11188.743999999957,2020-08-02,111455.0,5236.0,1519.0,43.0,1811.0,65.0,407.47900000000004,19.143,5.553,0.157,6.621,0.23800000000000002,6.32,342.86400000000003,29.3,64.204,1.04,71.72,28.7,882352.0,6458.0,3.2260000000000004,0.024,12200.0,0.045,6.7,5.7,1,20200802.0
22904,IDN,Asia,Indonesia,273523621.0,0.6939999999999967,11188.743999999957,2020-08-03,113134.0,5302.0,1679.0,66.0,1833.0,66.286,413.61699999999996,19.384,6.138,0.24100000000000002,6.7010000000000005,0.242,6.32,342.86400000000003,29.3,64.204,1.04,71.72,28.7,894531.0,12179.0,3.27,0.045,13155.0,0.048,7.2,5.7,1,20200803.0
22905,IDN,Asia,Indonesia,273523621.0,0.6939999999999967,11188.743999999957,2020-08-04,115056.0,5388.0,1922.0,86.0,1857.8570000000002,69.571,420.644,19.698,7.027,0.314,6.792000000000001,0.254,6.32,342.86400000000003,29.3,64.204,1.04,71.72,28.7,907987.0,13456.0,3.32,0.049,14292.0,0.052000000000000005,7.7,5.7,1,20200804.0
22906,IDN,Asia,Indonesia,273523621.0,0.6939999999999967,11188.743999999957,2020-08-05,116871.0,5452.0,1815.0,64.0,1777.0,68.143,427.279,19.932000000000002,6.636,0.23399999999999999,6.497000000000001,0.249,6.32,342.86400000000003,29.3,64.204,1.04,71.72,28.7,922709.0,14722.0,3.373,0.054000000000000006,11669.0,0.043,6.6,5.7,1,20200805.0
22907,IDN,Asia,Indonesia,273523621.0,0.6939999999999967,11188.743999999957,2020-08-06,118753.0,5521.0,1882.0,69.0,1773.8570000000002,66.143,434.16,20.185,6.881,0.252,6.485,0.242,6.32,342.86400000000003,29.3,64.204,1.04,71.72,28.7,936311.0,13602.0,3.423,0.05,11473.0,0.042,6.5,5.7,1,20200806.0
22908,IDN,Asia,Indonesia,273523621.0,0.6939999999999967,11188.743999999957,2020-08-07,121226.0,5593.0,2473.0,72.0,1835.714,66.0,443.20099999999996,20.448,9.041,0.263,6.711,0.24100000000000002,6.32,342.86400000000003,29.3,64.204,1.04,71.72,28.7,951910.0,15599.0,3.48,0.057,12196.0,0.045,6.6,5.7,1,20200807.0
22909,IDN,Asia,Indonesia,273523621.0,0.6939999999999967,11188.743999999957,2020-08-08,123503.0,5658.0,2277.0,65.0,1938.1429999999998,66.429,451.526,20.686,8.325,0.23800000000000002,7.086,0.243,6.32,342.86400000000003,29.3,64.204,1.04,71.72,28.7,963602.0,11692.0,3.523,0.043,12530.0,0.046,6.5,5.7,1,20200808.0
22910,IDN,Asia,Indonesia,273523621.0,0.6939999999999967,11188.743999999957,2020-08-09,125396.0,5723.0,1893.0,65.0,1991.5710000000001,69.571,458.44699999999995,20.923000000000002,6.921,0.23800000000000002,7.281000000000001,0.254,6.32,342.86400000000003,29.3,64.204,1.04,71.72,28.7,972594.0,8992.0,3.556,0.033,12892.0,0.047,6.5,5.7,1,20200809.0
22911,IDN,Asia,Indonesia,273523621.0,0.6939999999999967,11188.743999999957,2020-08-10,127083.0,5765.0,1687.0,42.0,1992.714,66.143,464.61400000000003,21.076999999999998,6.167999999999999,0.154,7.285,0.242,6.32,342.86400000000003,29.3,64.204,1.04,71.72,28.7,984893.0,12299.0,3.6010000000000004,0.045,12909.0,0.047,6.5,5.7,1,20200810.0
22912,IDN,Asia,Indonesia,273523621.0,0.6939999999999967,11188.743999999957,2020-08-11,128776.0,5824.0,1693.0,59.0,1960.0,62.286,470.80400000000003,21.291999999999998,6.19,0.21600000000000003,7.166,0.228,6.32,342.86400000000003,29.3,64.204,1.04,71.72,28.7,998406.0,13513.0,3.65,0.049,12917.0,0.047,6.6,5.7,1,20200811.0
22913,IDN,Asia,Indonesia,273523621.0,0.6939999999999967,11188.743999999957,2020-08-12,130718.0,5903.0,1942.0,79.0,1978.1429999999998,64.429,477.904,21.581,7.1,0.289,7.232,0.23600000000000002,6.32,342.86400000000003,29.3,64.204,1.04,71.72,28.7,1012104.0,13698.0,3.7,0.05,12771.0,0.047,6.5,5.7,1,20200812.0
22914,IDN,Asia,Indonesia,273523621.0,0.6939999999999967,11188.743999999957,2020-08-13,132816.0,5968.0,2098.0,65.0,2009.0,63.857,485.574,21.819000000000003,7.67,0.23800000000000002,7.345,0.233,6.32,342.86400000000003,29.3,64.204,1.04,71.72,28.7,1026954.0,14850.0,3.755,0.054000000000000006,12949.0,0.047,6.4,5.7,1,20200813.0
22915,IDN,Asia,Indonesia,273523621.0,0.6939999999999967,11188.743999999957,2020-08-14,135123.0,6021.0,2307.0,53.0,1985.286,61.143,494.009,22.013,8.434,0.19399999999999998,7.257999999999999,0.22399999999999998,6.32,342.86400000000003,29.3,64.204,1.04,71.72,28.7,1039682.0,12728.0,3.801,0.047,12539.0,0.046,6.3,5.7,1,20200814.0
22916,IDN,Asia,Indonesia,273523621.0,0.6939999999999967,11188.743999999957,2020-08-15,137468.0,6071.0,2345.0,50.0,1995.0,59.0,502.582,22.195999999999998,8.573,0.183,7.294,0.21600000000000003,6.32,342.86400000000003,29.3,64.204,1.04,71.72,28.7,1052503.0,12821.0,3.8480000000000003,0.047,12700.0,0.046,6.4,5.7,1,20200815.0
22917,IDN,Asia,Indonesia,273523621.0,0.6939999999999967,11188.743999999957,2020-08-16,139549.0,6150.0,2081.0,79.0,2021.8570000000002,61.0,510.19,22.484,7.608,0.289,7.392,0.223,6.32,342.86400000000003,29.3,64.204,1.04,71.72,28.7,1061721.0,9218.0,3.8819999999999997,0.034,12732.0,0.047,6.3,5.7,1,20200816.0
22918,IDN,Asia,Indonesia,273523621.0,0.6939999999999967,11188.743999999957,2020-08-17,141370.0,6207.0,1821.0,57.0,2041.0,63.143,516.8480000000001,22.693,6.6579999999999995,0.20800000000000002,7.462000000000001,0.231,6.32,342.86400000000003,29.3,64.204,1.04,71.72,28.7,1068945.0,7224.0,3.908,0.026000000000000002,12007.0,0.044000000000000004,5.9,5.7,1,20200817.0
22919,IDN,Asia,Indonesia,273523621.0,0.6939999999999967,11188.743999999957,2020-08-18,143043.0,6277.0,1673.0,70.0,2038.1429999999998,64.714,522.964,22.949,6.1160000000000005,0.256,7.4510000000000005,0.237,6.32,342.86400000000003,29.3,64.204,1.04,71.72,28.7,1081354.0,12409.0,3.9530000000000003,0.045,11850.0,0.043,5.8,5.7,1,20200818.0
22920,IDN,Asia,Indonesia,273523621.0,0.6939999999999967,11188.743999999957,2020-08-19,144945.0,6346.0,1902.0,69.0,2032.4289999999999,63.286,529.918,23.201,6.954,0.252,7.431,0.231,6.32,342.86400000000003,29.3,64.204,1.04,71.72,28.7,1096294.0,14940.0,4.008,0.055,12027.0,0.044000000000000004,5.9,5.7,1,20200819.0
22921,IDN,Asia,Indonesia,273523621.0,0.6939999999999967,11188.743999999957,2020-08-20,147211.0,6418.0,2266.0,72.0,2056.429,64.286,538.202,23.464000000000002,8.283999999999999,0.263,7.518,0.235,6.32,342.86400000000003,29.3,64.204,1.04,71.72,28.7,0.0,0.0,0.0,0.0,12183.0,0.045,5.9,5.7,1,20200820.0
22922,IDN,Asia,Indonesia,273523621.0,0.6939999999999967,11188.743999999957,2020-08-21,149408.0,6500.0,2197.0,82.0,2040.714,68.429,546.234,23.764,8.032,0.3,7.461,0.25,6.32,342.86400000000003,29.3,64.204,1.04,71.72,28.7,0.0,0.0,0.0,0.0,12642.0,0.046,6.2,5.7,1,20200821.0
22923,IDN,Asia,Indonesia,273523621.0,0.6939999999999967,11188.743999999957,2020-08-22,151498.0,6594.0,2090.0,94.0,2004.286,74.714,553.875,24.108,7.641,0.344,7.327999999999999,0.273,6.32,342.86400000000003,29.3,64.204,1.04,71.72,28.7,0.0,0.0,0.0,0.0,13088.0,0.048,6.5,5.7,1,20200822.0
22924,IDN,Asia,Indonesia,273523621.0,0.6939999999999967,11188.743999999957,2020-08-23,153535.0,6680.0,2037.0,86.0,1998.0,75.714,561.323,24.421999999999997,7.447,0.314,7.305,0.27699999999999997,6.32,342.86400000000003,29.3,64.204,1.04,71.72,28.7,0.0,0.0,0.0,0.0,14049.0,0.051,7.0,5.7,1,20200823.0
22925,IDN,Asia,Indonesia,273523621.0,0.6939999999999967,11188.743999999957,2020-08-24,155412.0,6759.0,1877.0,79.0,2006.0,78.857,568.185,24.711,6.862,0.289,7.334,0.28800000000000003,6.32,342.86400000000003,29.3,64.204,1.04,71.72,28.7,0.0,0.0,0.0,0.0,15294.0,0.055999999999999994,7.6,5.7,1,20200824.0
22926,IDN,Asia,Indonesia,273523621.0,0.6939999999999967,11188.743999999957,2020-08-25,157859.0,6858.0,2447.0,99.0,2116.571,83.0,577.131,25.073,8.946,0.36200000000000004,7.7379999999999995,0.303,6.32,342.86400000000003,29.3,64.204,1.04,71.72,28.7,1191948.0,0.0,4.3580000000000005,0.0,15799.0,0.057999999999999996,7.5,5.7,1,20200825.0
22927,IDN,Asia,Indonesia,273523621.0,0.6939999999999967,11188.743999999957,2020-08-26,160165.0,6944.0,2306.0,86.0,2174.286,85.429,585.562,25.386999999999997,8.431000000000001,0.314,7.949,0.312,6.32,342.86400000000003,29.3,64.204,1.04,71.72,28.7,0.0,0.0,0.0,0.0,15131.0,0.055,7.0,5.7,1,20200826.0
22928,IDN,Asia,Indonesia,273523621.0,0.6939999999999967,11188.743999999957,2020-08-27,162884.0,7064.0,2719.0,120.0,2239.0,92.286,595.502,25.826,9.941,0.439,8.186,0.337,6.32,342.86400000000003,29.3,64.204,1.04,71.72,28.7,1212468.0,0.0,4.433,0.0,14319.0,0.052000000000000005,6.4,5.7,1,20200827.0
22929,IDN,Asia,Indonesia,273523621.0,0.6939999999999967,11188.743999999957,2020-08-28,165887.0,7169.0,3003.0,105.0,2354.143,95.571,606.481,26.21,10.979000000000001,0.384,8.607000000000001,0.349,6.32,342.86400000000003,29.3,64.204,1.04,71.72,28.7,1233486.0,21018.0,4.51,0.077,15044.0,0.055,6.4,5.7,1,20200828.0
22930,IDN,Asia,Indonesia,273523621.0,0.6939999999999967,11188.743999999957,2020-08-29,169195.0,7261.0,3308.0,92.0,2528.143,95.286,618.575,26.546,12.094000000000001,0.336,9.243,0.348,6.32,342.86400000000003,29.3,64.204,1.04,71.72,28.7,1250135.0,16649.0,4.57,0.061,15145.0,0.055,6.0,5.7,1,20200829.0
22931,IDN,Asia,Indonesia,273523621.0,0.6939999999999967,11188.743999999957,2020-08-30,172053.0,7343.0,2858.0,82.0,2645.429,94.714,629.024,26.846,10.449000000000002,0.3,9.672,0.34600000000000003,6.32,342.86400000000003,29.3,64.204,1.04,71.72,28.7,1271301.0,21166.0,4.648,0.077,15891.0,0.057999999999999996,6.0,5.7,1,20200830.0
22932,IDN,Asia,Indonesia,273523621.0,0.6939999999999967,11188.743999999957,2020-08-31,174796.0,7417.0,2743.0,74.0,2769.143,94.0,639.053,27.116,10.027999999999999,0.271,10.124,0.344,6.32,342.86400000000003,29.3,64.204,1.04,71.72,28.7,1282618.0,11317.0,4.689,0.040999999999999995,15230.0,0.055999999999999994,5.5,5.7,1,20200831.0
22933,IDN,Asia,Indonesia,273523621.0,0.6939999999999967,11188.743999999957,2020-09-01,177571.0,7505.0,2775.0,88.0,2816.0,92.429,649.198,27.438000000000002,10.145,0.322,10.295,0.33799999999999997,6.32,342.86400000000003,29.3,64.204,1.04,71.72,28.7,1297184.0,14566.0,4.742,0.053,15034.0,0.055,5.3,5.7,1,20200901.0
22934,IDN,Asia,Indonesia,273523621.0,0.6939999999999967,11188.743999999957,2020-09-02,180646.0,7616.0,3075.0,111.0,2925.857,96.0,660.44,27.844,11.242,0.406,10.697000000000001,0.35100000000000003,6.32,342.86400000000003,29.3,64.204,1.04,71.72,28.7,1312477.0,15293.0,4.798,0.055999999999999994,15753.0,0.057999999999999996,5.4,5.7,1,20200902.0
22935,IDN,Asia,Indonesia,273523621.0,0.6939999999999967,11188.743999999957,2020-09-03,184268.0,7750.0,3622.0,134.0,3054.857,98.0,673.682,28.334,13.242,0.49,11.169,0.358,6.32,342.86400000000003,29.3,64.204,1.04,71.72,28.7,1353291.0,40814.0,4.948,0.149,20118.0,0.07400000000000001,6.6,5.7,1,20200903.0
22936,IDN,Asia,Indonesia,273523621.0,0.6939999999999967,11188.743999999957,2020-09-04,187537.0,7832.0,3269.0,82.0,3092.857,94.714,685.6339999999999,28.634,11.950999999999999,0.3,11.307,0.34600000000000003,6.32,342.86400000000003,29.3,64.204,1.04,71.72,28.7,1371391.0,18100.0,5.013999999999999,0.066,19701.0,0.07200000000000001,6.4,5.7,1,20200904.0
22937,IDN,Asia,Indonesia,273523621.0,0.6939999999999967,11188.743999999957,2020-09-05,190665.0,7940.0,3128.0,108.0,3067.143,97.0,697.07,29.029,11.436,0.395,11.213,0.355,6.32,342.86400000000003,29.3,64.204,1.04,71.72,28.7,0.0,0.0,0.0,0.0,19474.0,0.071,6.3,5.7,1,20200905.0
22938,IDN,Asia,Indonesia,273523621.0,0.6939999999999967,11188.743999999957,2020-09-06,194109.0,8025.0,3444.0,85.0,3150.857,97.429,709.6610000000001,29.339000000000002,12.591,0.311,11.52,0.35600000000000004,6.32,342.86400000000003,29.3,64.204,1.04,71.72,28.7,1401513.0,0.0,5.124,0.0,18602.0,0.068,5.9,5.7,1,20200906.0
22939,IDN,Asia,Indonesia,273523621.0,0.6939999999999967,11188.743999999957,2020-09-07,196989.0,8130.0,2880.0,105.0,3170.429,101.85700000000001,720.19,29.723000000000003,10.529000000000002,0.384,11.591,0.37200000000000005,6.32,342.86400000000003,29.3,64.204,1.04,71.72,28.7,1417694.0,16181.0,5.183,0.059000000000000004,19297.0,0.071,6.1,5.7,1,20200907.0
22940,IDN,Asia,Indonesia,273523621.0,0.6939999999999967,11188.743999999957,2020-09-08,200035.0,8230.0,3046.0,100.0,3209.143,103.571,731.326,30.089000000000002,11.136,0.366,11.732999999999999,0.379,6.32,342.86400000000003,29.3,64.204,1.04,71.72,28.7,0.0,0.0,0.0,0.0,18401.0,0.067,5.7,5.7,1,20200908.0
22941,IDN,Asia,Indonesia,273523621.0,0.6939999999999967,11188.743999999957,2020-09-09,203342.0,8336.0,3307.0,106.0,3242.2859999999996,102.85700000000001,743.4169999999999,30.476,12.09,0.38799999999999996,11.854000000000001,0.376,6.32,342.86400000000003,29.3,64.204,1.04,71.72,28.7,1434294.0,0.0,5.244,0.0,17402.0,0.064,5.4,5.7,1,20200909.0
22942,IDN,Asia,Indonesia,273523621.0,0.6939999999999967,11188.743999999957,2020-09-10,207203.0,8456.0,3861.0,120.0,3276.429,100.85700000000001,757.5319999999999,30.915,14.116,0.439,11.979000000000001,0.369,6.32,342.86400000000003,29.3,64.204,1.04,71.72,28.7,1449629.0,15335.0,5.3,0.055999999999999994,13763.0,0.05,4.2,5.7,1,20200910.0
22943,IDN,Asia,Indonesia,273523621.0,0.6939999999999967,11188.743999999957,2020-09-11,210940.0,8544.0,3737.0,88.0,3343.2859999999996,101.714,771.195,31.237,13.662,0.322,12.222999999999999,0.37200000000000005,6.32,342.86400000000003,29.3,64.204,1.04,71.72,28.7,1469943.0,20314.0,5.374,0.07400000000000001,14079.0,0.051,4.2,5.7,1,20200911.0
22944,IDN,Asia,Indonesia,273523621.0,0.6939999999999967,11188.743999999957,2020-09-12,214746.0,8650.0,3806.0,106.0,3440.143,101.429,785.11,31.624000000000002,13.915,0.38799999999999996,12.577,0.371,6.32,342.86400000000003,29.3,64.204,1.04,71.72,28.7,1498292.0,28349.0,5.478,0.10400000000000001,15977.0,0.057999999999999996,4.6,5.7,1,20200912.0
22945,IDN,Asia,Indonesia,273523621.0,0.6939999999999967,11188.743999999957,2020-09-13,218382.0,8723.0,3636.0,73.0,3467.571,99.714,798.403,31.891,13.293,0.267,12.677,0.365,6.32,342.86400000000003,29.3,64.204,1.04,71.72,28.7,1523214.0,24922.0,5.569,0.091,17386.0,0.064,5.0,5.7,1,20200913.0
22946,IDN,Asia,Indonesia,273523621.0,0.6939999999999967,11188.743999999957,2020-09-14,221523.0,8841.0,3141.0,118.0,3504.857,101.571,809.8860000000001,32.323,11.482999999999999,0.431,12.814,0.371,6.32,342.86400000000003,29.3,64.204,1.04,71.72,28.7,1549352.0,26138.0,5.664,0.096,18808.0,0.069,5.4,5.7,1,20200914.0
22947,IDN,Asia,Indonesia,273523621.0,0.6939999999999967,11188.743999999957,2020-09-15,225030.0,8965.0,3507.0,124.0,3570.7140000000004,105.0,822.7080000000001,32.775999999999996,12.822000000000001,0.45299999999999996,13.055,0.384,6.32,342.86400000000003,29.3,64.204,1.04,71.72,28.7,1592056.0,42704.0,5.821000000000001,0.156,23723.0,0.087,6.6,5.7,1,20200915.0
22948,IDN,Asia,Indonesia,273523621.0,0.6939999999999967,11188.743999999957,2020-09-16,228993.0,9100.0,3963.0,135.0,3664.429,109.14299999999999,837.196,33.27,14.489,0.494,13.397,0.39899999999999997,6.32,342.86400000000003,29.3,64.204,1.04,71.72,28.7,0.0,0.0,0.0,0.0,24731.0,0.09,6.7,5.7,1,20200916.0
22949,IDN,Asia,Indonesia,273523621.0,0.6939999999999967,11188.743999999957,2020-09-17,232628.0,9222.0,3635.0,122.0,3632.143,109.429,850.4860000000001,33.716,13.29,0.446,13.279000000000002,0.4,6.32,342.86400000000003,29.3,64.204,1.04,71.72,28.7,1622769.0,0.0,5.933,0.0,24734.0,0.09,6.8,5.7,1,20200917.0
22950,IDN,Asia,Indonesia,273523621.0,0.6939999999999967,11188.743999999957,2020-09-18,236519.0,9336.0,3891.0,114.0,3654.143,113.14299999999999,864.711,34.132,14.225,0.41700000000000004,13.36,0.414,6.32,342.86400000000003,29.3,64.204,1.04,71.72,28.7,1652324.0,29555.0,6.041,0.10800000000000001,26054.0,0.095,7.1,5.7,1,20200918.0
22951,IDN,Asia,Indonesia,273523621.0,0.6939999999999967,11188.743999999957,2020-09-19,240687.0,9448.0,4168.0,112.0,3705.857,114.0,879.95,34.542,15.238,0.409,13.549000000000001,0.41700000000000004,6.32,342.86400000000003,29.3,64.204,1.04,71.72,28.7,1676648.0,24324.0,6.13,0.08900000000000001,25479.0,0.09300000000000001,6.9,5.7,1,20200919.0
22952,IDN,Asia,Indonesia,273523621.0,0.6939999999999967,11188.743999999957,2020-09-20,244676.0,9553.0,3989.0,105.0,3756.2859999999996,118.571,894.533,34.926,14.584000000000001,0.384,13.732999999999999,0.433,6.32,342.86400000000003,29.3,64.204,1.04,71.72,28.7,1698202.0,21554.0,6.209,0.079,24998.0,0.091,6.7,5.7,1,20200920.0
22953,IDN,Asia,Indonesia,273523621.0,0.6939999999999967,11188.743999999957,2020-09-21,248852.0,9677.0,4176.0,124.0,3904.143,119.429,909.801,35.379,15.267000000000001,0.45299999999999996,14.274000000000001,0.43700000000000006,6.32,342.86400000000003,29.3,64.204,1.04,71.72,28.7,1718175.0,19973.0,6.282,0.073,24118.0,0.08800000000000001,6.2,5.7,1,20200921.0
22954,IDN,Asia,Indonesia,273523621.0,0.6939999999999967,11188.743999999957,2020-09-22,252923.0,9837.0,4071.0,160.0,3984.7140000000004,124.571,924.684,35.964,14.884,0.585,14.568,0.455,6.32,342.86400000000003,29.3,64.204,1.04,71.72,28.7,1743000.0,24825.0,6.372000000000001,0.091,21563.0,0.079,5.4,5.7,1,20200922.0
22955,IDN,Asia,Indonesia,273523621.0,0.6939999999999967,11188.743999999957,2020-09-23,257388.0,9977.0,4465.0,140.0,4056.429,125.286,941.008,36.476,16.324,0.512,14.83,0.45799999999999996,6.32,342.86400000000003,29.3,64.204,1.04,71.72,28.7,1799563.0,56563.0,6.579,0.207,27450.0,0.1,6.8,5.7,1,20200923.0
22956,IDN,Asia,Indonesia,273523621.0,0.6939999999999967,11188.743999999957,2020-09-24,262022.0,10105.0,4634.0,128.0,4199.143,126.14299999999999,957.95,36.944,16.942,0.46799999999999997,15.352,0.461,6.32,342.86400000000003,29.3,64.204,1.04,71.72,28.7,1834349.0,34786.0,6.706,0.127,30226.0,0.111,7.2,5.7,1,20200924.0
22957,IDN,Asia,Indonesia,273523621.0,0.6939999999999967,11188.743999999957,2020-09-25,266845.0,10218.0,4823.0,113.0,4332.286,126.0,975.5830000000001,37.357,17.633,0.413,15.839,0.461,6.32,342.86400000000003,29.3,64.204,1.04,71.72,28.7,1860768.0,26419.0,6.803,0.09699999999999999,29778.0,0.109,6.9,5.7,1,20200925.0
22958,IDN,Asia,Indonesia,273523621.0,0.6939999999999967,11188.743999999957,2020-09-26,271339.0,10308.0,4494.0,90.0,4378.857,122.85700000000001,992.013,37.686,16.43,0.32899999999999996,16.009,0.449,6.32,342.86400000000003,29.3,64.204,1.04,71.72,28.7,1886426.0,25658.0,6.897,0.094,29968.0,0.11,6.8,5.7,1,20200926.0
22959,IDN,Asia,Indonesia,273523621.0,0.6939999999999967,11188.743999999957,2020-09-27,275213.0,10386.0,3874.0,78.0,4362.429,119.0,1006.176,37.971,14.163,0.285,15.949000000000002,0.435,6.32,342.86400000000003,29.3,64.204,1.04,71.72,28.7,1907226.0,20800.0,6.973,0.076,29861.0,0.109,6.8,5.7,1,20200927.0
22960,IDN,Asia,Indonesia,273523621.0,0.6939999999999967,11188.743999999957,2020-09-28,278722.0,10473.0,3509.0,87.0,4267.143,113.714,1019.005,38.289,12.829,0.318,15.600999999999999,0.41600000000000004,6.32,342.86400000000003,29.3,64.204,1.04,71.72,28.7,1934863.0,27637.0,7.074,0.10099999999999999,30955.0,0.113,7.3,5.7,1,20200928.0
22961,IDN,Asia,Indonesia,273523621.0,0.6939999999999967,11188.743999999957,2020-09-29,282724.0,10601.0,4002.0,128.0,4257.286,109.14299999999999,1033.637,38.757,14.630999999999998,0.46799999999999997,15.565,0.39899999999999997,6.32,342.86400000000003,29.3,64.204,1.04,71.72,28.7,1962754.0,27891.0,7.176,0.102,31393.0,0.115,7.4,5.7,1,20200929.0
22962,IDN,Asia,Indonesia,273523621.0,0.6939999999999967,11188.743999999957,2020-09-30,287008.0,10740.0,4284.0,139.0,4231.429,109.0,1049.299,39.265,15.662,0.508,15.47,0.39899999999999997,6.32,342.86400000000003,29.3,64.204,1.04,71.72,28.7,1993694.0,30940.0,7.289,0.113,27733.0,0.10099999999999999,6.6,5.7,1,20200930.0
22963,IDN,Asia,Indonesia,273523621.0,0.6939999999999967,11188.743999999957,2020-10-01,291182.0,10856.0,4174.0,116.0,4165.714,107.286,1064.559,39.689,15.26,0.424,15.23,0.392,6.32,342.86400000000003,29.3,64.204,1.04,71.72,28.7,2023990.0,30296.0,7.4,0.111,27092.0,0.099,6.5,5.7,1,20201001.0
22964,IDN,Asia,Indonesia,273523621.0,0.6939999999999967,11188.743999999957,2020-10-02,295499.0,10972.0,4317.0,116.0,4093.429,107.714,1080.3419999999999,40.114000000000004,15.783,0.424,14.966,0.39399999999999996,6.32,342.86400000000003,29.3,64.204,1.04,71.72,28.7,2050821.0,26831.0,7.497999999999999,0.098,27150.0,0.099,6.6,5.7,1,20201002.0
22965,IDN,Asia,Indonesia,273523621.0,0.6939999999999967,11188.743999999957,2020-10-03,299506.0,11055.0,4007.0,83.0,4023.857,106.714,1094.991,40.417,14.65,0.303,14.710999999999999,0.39,6.32,342.86400000000003,29.3,64.204,1.04,71.72,28.7,0.0,0.0,0.0,0.0,26754.0,0.098,6.6,5.7,1,20201003.0
22966,IDN,Asia,Indonesia,273523621.0,0.6939999999999967,11188.743999999957,2020-10-04,303498.0,11151.0,3992.0,96.0,4040.7140000000004,109.286,1109.586,40.768,14.595,0.35100000000000003,14.773,0.4,6.32,342.86400000000003,29.3,64.204,1.04,71.72,28.7,2096584.0,0.0,7.665,0.0,27051.0,0.099,6.7,5.7,1,20201004.0
22967,IDN,Asia,Indonesia,273523621.0,0.6939999999999967,11188.743999999957,2020-10-05,307120.0,11253.0,3622.0,102.0,4056.857,111.429,1122.828,41.141000000000005,13.242,0.373,14.832,0.40700000000000003,6.32,342.86400000000003,29.3,64.204,1.04,71.72,28.7,2119355.0,22771.0,7.747999999999999,0.083,26356.0,0.096,6.5,5.7,1,20201005.0
22968,IDN,Asia,Indonesia,273523621.0,0.6939999999999967,11188.743999999957,2020-10-06,311176.0,11374.0,4056.0,121.0,4064.571,110.429,1137.657,41.583,14.829,0.442,14.86,0.40399999999999997,6.32,342.86400000000003,29.3,64.204,1.04,71.72,28.7,2145508.0,26153.0,7.843999999999999,0.096,26108.0,0.095,6.4,5.7,1,20201006.0
22969,IDN,Asia,Indonesia,273523621.0,0.6939999999999967,11188.743999999957,2020-10-07,315714.0,11472.0,4538.0,98.0,4100.857,104.571,1154.248,41.942,16.590999999999998,0.358,14.993,0.382,6.32,342.86400000000003,29.3,64.204,1.04,71.72,28.7,2177675.0,32167.0,7.962000000000001,0.11800000000000001,26283.0,0.096,6.4,5.7,1,20201007.0
22970,IDN,Asia,Indonesia,273523621.0,0.6939999999999967,11188.743999999957,2020-10-08,320564.0,11580.0,4850.0,108.0,4197.429,103.429,1171.979,42.336000000000006,17.732,0.395,15.345999999999998,0.37799999999999995,6.32,342.86400000000003,29.3,64.204,1.04,71.72,28.7,2210576.0,32901.0,8.082,0.12,26655.0,0.09699999999999999,6.4,5.7,1,20201008.0
22971,IDN,Asia,Indonesia,273523621.0,0.6939999999999967,11188.743999999957,2020-10-09,324658.0,11677.0,4094.0,97.0,4165.571,100.714,1186.947,42.691,14.968,0.355,15.229000000000001,0.368,6.32,342.86400000000003,29.3,64.204,1.04,71.72,28.7,2249694.0,39118.0,8.225,0.14300000000000002,28410.0,0.10400000000000001,6.8,5.7,1,20201009.0
22972,IDN,Asia,Indonesia,273523621.0,0.6939999999999967,11188.743999999957,2020-10-10,328952.0,11765.0,4294.0,88.0,4206.571,101.429,1202.646,43.013000000000005,15.699000000000002,0.322,15.379000000000001,0.371,6.32,342.86400000000003,29.3,64.204,1.04,71.72,28.7,2283369.0,33675.0,8.347999999999999,0.12300000000000001,29952.0,0.11,7.1,5.7,1,20201010.0
22973,IDN,Asia,Indonesia,273523621.0,0.6939999999999967,11188.743999999957,2020-10-11,333449.0,11844.0,4497.0,79.0,4278.714,99.0,1219.087,43.302,16.441,0.289,15.642999999999999,0.36200000000000004,6.32,342.86400000000003,29.3,64.204,1.04,71.72,28.7,2305532.0,22163.0,8.429,0.081,29850.0,0.109,7.0,5.7,1,20201011.0
22974,IDN,Asia,Indonesia,273523621.0,0.6939999999999967,11188.743999999957,2020-10-12,336716.0,11935.0,3267.0,91.0,4228.0,97.429,1231.031,43.63399999999999,11.944,0.33299999999999996,15.458,0.35600000000000004,6.32,342.86400000000003,29.3,64.204,1.04,71.72,28.7,2338550.0,33018.0,8.55,0.121,31314.0,0.114,7.4,5.7,1,20201012.0
22975,IDN,Asia,Indonesia,273523621.0,0.6939999999999967,11188.743999999957,2020-10-13,340622.0,12027.0,3906.0,92.0,4206.571,93.286,1245.3110000000001,43.971000000000004,14.28,0.336,15.379000000000001,0.341,6.32,342.86400000000003,29.3,64.204,1.04,71.72,28.7,2378562.0,40012.0,8.696,0.146,33293.0,0.122,7.9,5.7,1,20201013.0
22976,IDN,Asia,Indonesia,273523621.0,0.6939999999999967,11188.743999999957,2020-10-14,344749.0,12156.0,4127.0,129.0,4147.857,97.714,1260.399,44.442,15.088,0.47200000000000003,15.165,0.35700000000000004,6.32,342.86400000000003,29.3,64.204,1.04,71.72,28.7,2415606.0,37044.0,8.831,0.135,33990.0,0.124,8.2,5.7,1,20201014.0
22977,IDN,Asia,Indonesia,273523621.0,0.6939999999999967,11188.743999999957,2020-10-15,349160.0,12268.0,4411.0,112.0,4085.143,98.286,1276.526,44.852,16.127,0.409,14.935,0.359,6.32,342.86400000000003,29.3,64.204,1.04,71.72,28.7,2449725.0,34119.0,8.956,0.125,34164.0,0.125,8.4,5.7,1,20201015.0
22978,IDN,Asia,Indonesia,273523621.0,0.6939999999999967,11188.743999999957,2020-10-16,353461.0,12347.0,4301.0,79.0,4114.714,95.714,1292.25,45.141000000000005,15.724,0.289,15.043,0.35,6.32,342.86400000000003,29.3,64.204,1.04,71.72,28.7,2479922.0,30197.0,9.067,0.11,32890.0,0.12,8.0,5.7,1,20201016.0
22979,IDN,Asia,Indonesia,273523621.0,0.6939999999999967,11188.743999999957,2020-10-17,357762.0,12431.0,4301.0,84.0,4115.714,95.14299999999999,1307.975,45.448,15.724,0.307,15.047,0.348,6.32,342.86400000000003,29.3,64.204,1.04,71.72,28.7,2505898.0,25976.0,9.162,0.095,31790.0,0.11599999999999999,7.7,5.7,1,20201017.0
22980,IDN,Asia,Indonesia,273523621.0,0.6939999999999967,11188.743999999957,2020-10-18,361867.0,12511.0,4105.0,80.0,4059.7140000000004,95.286,1322.983,45.74,15.008,0.292,14.842,0.348,6.32,342.86400000000003,29.3,64.204,1.04,71.72,28.7,2528319.0,22421.0,9.244,0.08199999999999999,31827.0,0.11599999999999999,7.8,5.7,1,20201018.0
22981,IDN,Asia,Indonesia,273523621.0,0.6939999999999967,11188.743999999957,2020-10-19,365240.0,12617.0,3373.0,106.0,4074.857,97.429,1335.3139999999999,46.128,12.332,0.38799999999999996,14.898,0.35600000000000004,6.32,342.86400000000003,29.3,64.204,1.04,71.72,28.7,2553521.0,25202.0,9.336,0.092,30710.0,0.11199999999999999,7.5,5.7,1,20201019.0
22982,IDN,Asia,Indonesia,273523621.0,0.6939999999999967,11188.743999999957,2020-10-20,368842.0,12734.0,3602.0,117.0,4031.429,101.0,1348.483,46.555,13.169,0.428,14.739,0.369,6.32,342.86400000000003,29.3,64.204,1.04,71.72,28.7,2583085.0,29564.0,9.443999999999999,0.10800000000000001,29218.0,0.107,7.2,5.7,1,20201020.0
22983,IDN,Asia,Indonesia,273523621.0,0.6939999999999967,11188.743999999957,2020-10-21,373109.0,12857.0,4267.0,123.0,4051.429,100.14299999999999,1364.0829999999999,47.005,15.6,0.45,14.812000000000001,0.366,6.32,342.86400000000003,29.3,64.204,1.04,71.72,28.7,2613682.0,30597.0,9.556000000000001,0.11199999999999999,28297.0,0.10300000000000001,7.0,5.7,1,20201021.0
22984,IDN,Asia,Indonesia,273523621.0,0.6939999999999967,11188.743999999957,2020-10-22,377541.0,12959.0,4432.0,102.0,4054.429,98.714,1380.287,47.378,16.203,0.373,14.823,0.361,6.32,342.86400000000003,29.3,64.204,1.04,71.72,28.7,2647094.0,33412.0,9.677999999999999,0.122,28196.0,0.10300000000000001,7.0,5.7,1,20201022.0
22985,IDN,Asia,Indonesia,273523621.0,0.6939999999999967,11188.743999999957,2020-10-23,381910.0,13077.0,4369.0,118.0,4064.143,104.286,1396.26,47.809,15.972999999999999,0.431,14.857999999999999,0.381,6.32,342.86400000000003,29.3,64.204,1.04,71.72,28.7,2679774.0,32680.0,9.797,0.11900000000000001,28550.0,0.10400000000000001,7.0,5.7,1,20201023.0
22986,IDN,Asia,Indonesia,273523621.0,0.6939999999999967,11188.743999999957,2020-10-24,385980.0,13205.0,4070.0,128.0,4031.143,110.571,1411.14,48.277,14.88,0.46799999999999997,14.738,0.40399999999999997,6.32,342.86400000000003,29.3,64.204,1.04,71.72,28.7,0.0,0.0,0.0,0.0,27087.0,0.099,6.7,5.7,0,20201024.0
22987,IDN,Asia,Indonesia,273523621.0,0.6939999999999967,11188.743999999957,2020-10-25,389712.0,13299.0,3732.0,94.0,3977.857,112.571,1424.7839999999999,48.621,13.644,0.344,14.543,0.41200000000000003,6.32,342.86400000000003,29.3,64.204,1.04,71.72,28.7,2711239.0,0.0,9.912,0.0,26131.0,0.096,6.6,5.7,0,20201025.0
22988,IDN,Asia,Indonesia,273523621.0,0.6939999999999967,11188.743999999957,2020-10-26,392934.0,13411.0,3222.0,112.0,3956.2859999999996,113.429,1436.5629999999999,49.031000000000006,11.78,0.409,14.464,0.415,6.32,342.86400000000003,29.3,64.204,1.04,71.72,28.7,2730231.0,18992.0,9.982000000000001,0.069,25244.0,0.092,6.4,5.7,0,20201026.0
22989,IDN,Asia,Indonesia,273523621.0,0.6939999999999967,11188.743999999957,2020-10-27,396454.0,13512.0,3520.0,101.0,3944.571,111.14299999999999,1449.432,49.4,12.869000000000002,0.369,14.421,0.406,6.32,342.86400000000003,29.3,64.204,1.04,71.72,28.7,2777969.0,47738.0,10.156,0.175,27841.0,0.102,7.1,5.7,0,20201027.0
22990,IDN,Asia,Indonesia,273523621.0,0.6939999999999967,11188.743999999957,2020-10-28,400483.0,13612.0,4029.0,100.0,3910.571,107.85700000000001,1464.162,49.765,14.73,0.366,14.297,0.39399999999999996,6.32,342.86400000000003,29.3,64.204,1.04,71.72,28.7,2805313.0,27344.0,10.255999999999998,0.1,27376.0,0.1,7.0,5.7,0,20201028.0
22991,IDN,Asia,Indonesia,273523621.0,0.6939999999999967,11188.743999999957,2020-10-29,404048.0,13701.0,3565.0,89.0,3786.7140000000004,106.0,1477.1960000000001,50.091,13.034,0.325,13.844000000000001,0.38799999999999996,6.32,342.86400000000003,29.3,64.204,1.04,71.72,28.7,2830706.0,25393.0,10.349,0.09300000000000001,26230.0,0.096,6.9,5.7,0,20201029.0
22992,IDN,Asia,Indonesia,273523621.0,0.6939999999999967,11188.743999999957,2020-10-30,406945.0,13782.0,2897.0,81.0,3576.429,100.714,1487.787,50.387,10.591,0.29600000000000004,13.075,0.368,6.32,342.86400000000003,29.3,64.204,1.04,71.72,28.7,2853984.0,23278.0,10.434000000000001,0.085,24887.0,0.091,7.0,5.7,0,20201030.0
22993,IDN,Asia,Indonesia,273523621.0,0.6939999999999967,11188.743999999957,2020-10-31,410088.0,13869.0,3143.0,87.0,3444.0,94.85700000000001,1499.2779999999998,50.705,11.491,0.318,12.591,0.34700000000000003,6.32,342.86400000000003,29.3,64.204,1.04,71.72,28.7,2881443.0,27459.0,10.535,0.1,26562.0,0.09699999999999999,7.7,5.7,0,20201031.0
22994,IDN,Asia,Indonesia,273523621.0,0.6939999999999967,11188.743999999957,2020-11-01,412784.0,13943.0,2696.0,74.0,3296.0,92.0,1509.135,50.975,9.857000000000001,0.271,12.05,0.336,6.32,342.86400000000003,29.3,64.204,1.04,71.72,28.7,2899414.0,17971.0,10.6,0.066,26882.0,0.098,8.2,5.7,0,20201101.0
22995,IDN,Asia,Indonesia,273523621.0,0.6939999999999967,11188.743999999957,2020-11-02,415402.0,14044.0,2618.0,101.0,3209.7140000000004,90.429,1518.7060000000001,51.345,9.571,0.369,11.735,0.331,6.32,342.86400000000003,29.3,64.204,1.04,71.72,28.7,2919560.0,20146.0,10.674000000000001,0.07400000000000001,27047.0,0.099,8.4,5.7,0,20201102.0
22996,IDN,Asia,Indonesia,273523621.0,0.6939999999999967,11188.743999999957,2020-11-03,418375.0,14146.0,2973.0,102.0,3131.571,90.571,1529.575,51.718,10.869000000000002,0.373,11.449000000000002,0.331,6.32,342.86400000000003,29.3,64.204,1.04,71.72,28.7,2941778.0,22218.0,10.755,0.081,23401.0,0.086,7.5,5.7,0,20201103.0
22997,IDN,Asia,Indonesia,273523621.0,0.6939999999999967,11188.743999999957,2020-11-04,421731.0,14259.0,3356.0,113.0,3035.429,92.429,1541.845,52.131,12.27,0.413,11.097999999999999,0.33799999999999997,6.32,342.86400000000003,29.3,64.204,1.04,71.72,28.7,2969883.0,28105.0,10.857999999999999,0.10300000000000001,23510.0,0.086,7.7,5.7,0,20201104.0
22998,IDN,Asia,Indonesia,273523621.0,0.6939999999999967,11188.743999999957,2020-11-05,425796.0,14348.0,4065.0,89.0,3106.857,92.429,1556.707,52.456,14.862,0.325,11.359000000000002,0.33799999999999997,6.32,342.86400000000003,29.3,64.204,1.04,71.72,28.7,3001189.0,31306.0,10.972000000000001,0.114,24355.0,0.08900000000000001,7.8,5.7,0,20201105.0
22999,IDN,Asia,Indonesia,273523621.0,0.6939999999999967,11188.743999999957,2020-11-06,429574.0,14442.0,3778.0,94.0,3232.7140000000004,94.286,1570.519,52.8,13.812000000000001,0.344,11.819,0.345,6.32,342.86400000000003,29.3,64.204,1.04,71.72,28.7,3030661.0,29472.0,11.08,0.10800000000000001,25240.0,0.092,7.8,5.7,0,20201106.0
23000,IDN,Asia,Indonesia,273523621.0,0.6939999999999967,11188.743999999957,2020-11-07,433836.0,14540.0,4262.0,98.0,3392.571,95.85700000000001,1586.101,53.158,15.582,0.358,12.402999999999999,0.35,6.32,342.86400000000003,29.3,64.204,1.04,71.72,28.7,3059777.0,29116.0,11.187000000000001,0.106,25476.0,0.09300000000000001,7.5,5.7,0,20201107.0
23001,IDN,Asia,Indonesia,273523621.0,0.6939999999999967,11188.743999999957,2020-11-08,437716.0,14614.0,3880.0,74.0,3561.7140000000004,95.85700000000001,1600.286,53.428999999999995,14.185,0.271,13.022,0.35,6.32,342.86400000000003,29.3,64.204,1.04,71.72,28.7,3080718.0,20941.0,11.263,0.077,25901.0,0.095,7.3,5.7,0,20201108.0
23002,IDN,Asia,Indonesia,273523621.0,0.6939999999999967,11188.743999999957,2020-11-09,440569.0,14689.0,2853.0,75.0,3595.2859999999996,92.14299999999999,1610.7160000000001,53.703,10.431,0.27399999999999997,13.144,0.337,6.32,342.86400000000003,29.3,64.204,1.04,71.72,28.7,3105465.0,24747.0,11.354000000000001,0.09,26558.0,0.09699999999999999,7.4,5.7,0,20201109.0
23003,IDN,Asia,Indonesia,273523621.0,0.6939999999999967,11188.743999999957,2020-11-10,444348.0,14761.0,3779.0,72.0,3710.429,87.85700000000001,1624.5320000000002,53.966,13.815999999999999,0.263,13.565,0.321,6.32,342.86400000000003,29.3,64.204,1.04,71.72,28.7,3137485.0,32020.0,11.470999999999998,0.11699999999999999,27958.0,0.102,7.5,5.7,0,20201110.0
23004,IDN,Asia,Indonesia,273523621.0,0.6939999999999967,11188.743999999957,2020-11-11,448118.0,14836.0,3770.0,75.0,3769.571,82.429,1638.316,54.24,13.783,0.27399999999999997,13.782,0.301,6.32,342.86400000000003,29.3,64.204,1.04,71.72,28.7,3175096.0,37611.0,11.607999999999999,0.138,29316.0,0.107,7.8,5.7,0,20201111.0
23005,IDN,Asia,Indonesia,273523621.0,0.6939999999999967,11188.743999999957,2020-11-12,452291.0,14933.0,4173.0,97.0,3785.0,83.571,1653.5720000000001,54.595,15.255999999999998,0.355,13.838,0.306,6.32,342.86400000000003,29.3,64.204,1.04,71.72,28.7,3211592.0,36496.0,11.742,0.133,30058.0,0.11,7.9,5.7,0,20201112.0
23006,IDN,Asia,Indonesia,273523621.0,0.6939999999999967,11188.743999999957,2020-11-13,457735.0,15037.0,5444.0,104.0,4023.0,85.0,1673.475,54.975,19.903,0.38,14.708,0.311,6.32,342.86400000000003,29.3,64.204,1.04,71.72,28.7,3249484.0,37892.0,11.88,0.139,31260.0,0.114,7.8,5.7,0,20201113.0
23007,IDN,Asia,Indonesia,273523621.0,0.6939999999999967,11188.743999999957,2020-11-14,463007.0,15148.0,5272.0,111.0,4167.286,86.85700000000001,1692.75,55.381,19.274,0.406,15.235999999999999,0.318,6.32,342.86400000000003,29.3,64.204,1.04,71.72,28.7,0.0,0.0,0.0,0.0,29866.0,0.109,7.2,5.7,0,20201114.0
23008,IDN,Asia,Indonesia,273523621.0,0.6939999999999967,11188.743999999957,2020-11-15,467113.0,15211.0,4106.0,63.0,4199.571,85.286,1707.761,55.611000000000004,15.012,0.23,15.354000000000001,0.312,6.32,342.86400000000003,29.3,64.204,1.04,71.72,28.7,3288194.0,0.0,12.022,0.0,29639.0,0.10800000000000001,7.1,5.7,0,20201115.0
23009,IDN,Asia,Indonesia,273523621.0,0.6939999999999967,11188.743999999957,2020-11-16,470648.0,15296.0,3535.0,85.0,4297.0,86.714,1720.685,55.922,12.924000000000001,0.311,15.71,0.317,6.32,342.86400000000003,29.3,64.204,1.04,71.72,28.7,3313590.0,25396.0,12.114,0.09300000000000001,29732.0,0.109,6.9,5.7,0,20201116.0
23010,IDN,Asia,Indonesia,273523621.0,0.6939999999999967,11188.743999999957,2020-11-17,474455.0,15393.0,3807.0,97.0,4301.0,90.286,1734.6029999999998,56.277,13.918,0.355,15.724,0.33,6.32,342.86400000000003,29.3,64.204,1.04,71.72,28.7,3341160.0,27570.0,12.215,0.10099999999999999,29096.0,0.106,6.8,5.7,0,20201117.0
23011,IDN,Asia,Indonesia,273523621.0,0.6939999999999967,11188.743999999957,2020-11-18,478720.0,15503.0,4265.0,110.0,4371.714,95.286,1750.1960000000001,56.678999999999995,15.593,0.402,15.982999999999999,0.348,6.32,342.86400000000003,29.3,64.204,1.04,71.72,28.7,3415613.0,74453.0,12.487,0.272,34360.0,0.126,7.9,5.7,0,20201118.0
23012,IDN,Asia,Indonesia,273523621.0,0.6939999999999967,11188.743999999957,2020-11-19,483518.0,15600.0,4798.0,97.0,4461.0,95.286,1767.7379999999998,57.033,17.541,0.355,16.309,0.348,6.32,342.86400000000003,29.3,64.204,1.04,71.72,28.7,3456835.0,41222.0,12.638,0.151,35035.0,0.128,7.9,5.7,0,20201119.0
23013,IDN,Asia,Indonesia,273523621.0,0.6939999999999967,11188.743999999957,2020-11-20,488310.0,15678.0,4792.0,78.0,4367.857,91.571,1785.257,57.318999999999996,17.52,0.285,15.969000000000001,0.335,6.32,342.86400000000003,29.3,64.204,1.04,71.72,28.7,3496039.0,39204.0,12.780999999999999,0.14300000000000002,35222.0,0.129,8.1,5.7,0,20201120.0
23014,IDN,Asia,Indonesia,273523621.0,0.6939999999999967,11188.743999999957,2020-11-21,493308.0,15774.0,4998.0,96.0,4328.714,89.429,1803.53,57.67,18.273,0.35100000000000003,15.825999999999999,0.327,6.32,342.86400000000003,29.3,64.204,1.04,71.72,28.7,3526607.0,30568.0,12.892999999999999,0.11199999999999999,36824.0,0.135,8.5,5.7,0,20201121.0
23015,IDN,Asia,Indonesia,273523621.0,0.6939999999999967,11188.743999999957,2020-11-22,497668.0,15884.0,4360.0,110.0,4365.0,96.14299999999999,1819.47,58.071999999999996,15.94,0.402,15.958,0.35100000000000003,6.32,342.86400000000003,29.3,64.204,1.04,71.72,28.7,3553142.0,26535.0,12.99,0.09699999999999999,37850.0,0.138,8.7,5.7,0,20201122.0
23016,IDN,Asia,Indonesia,273523621.0,0.6939999999999967,11188.743999999957,2020-11-23,502110.0,16002.0,4442.0,118.0,4494.571,100.85700000000001,1835.71,58.503,16.24,0.431,16.432000000000002,0.369,6.32,342.86400000000003,29.3,64.204,1.04,71.72,28.7,3580476.0,27334.0,13.09,0.1,38127.0,0.139,8.5,5.7,0,20201123.0
23017,IDN,Asia,Indonesia,273523621.0,0.6939999999999967,11188.743999999957,2020-11-24,506302.0,16111.0,4192.0,109.0,4549.571,102.571,1851.036,58.902,15.325999999999999,0.39899999999999997,16.633,0.375,6.32,342.86400000000003,29.3,64.204,1.04,71.72,28.7,3608244.0,27768.0,13.192,0.102,38155.0,0.139,8.4,5.7,0,20201124.0
23018,IDN,Asia,Indonesia,273523621.0,0.6939999999999967,11188.743999999957,2020-11-25,511836.0,16225.0,5534.0,114.0,4730.857,103.14299999999999,1871.2679999999998,59.318000000000005,20.232,0.41700000000000004,17.296,0.377,6.32,342.86400000000003,29.3,64.204,1.04,71.72,28.7,3651964.0,43720.0,13.352,0.16,33764.0,0.12300000000000001,7.1,5.7,0,20201125.0
23019,IDN,Asia,Indonesia,273523621.0,0.6939999999999967,11188.743999999957,2020-11-26,516753.0,16352.0,4917.0,127.0,4747.857,107.429,1889.245,59.783,17.977,0.46399999999999997,17.358,0.39299999999999996,6.32,342.86400000000003,29.3,64.204,1.04,71.72,28.7,3690126.0,38162.0,13.491,0.14,33327.0,0.122,7.0,5.7,0,20201126.0
23020,IDN,Asia,Indonesia,273523621.0,0.6939999999999967,11188.743999999957,2020-11-27,522581.0,16521.0,5828.0,169.0,4895.857,120.429,1910.5520000000001,60.401,21.307,0.618,17.899,0.44,6.32,342.86400000000003,29.3,64.204,1.04,71.72,28.7,3729561.0,39435.0,13.635,0.14400000000000002,33360.0,0.122,6.8,5.7,0,20201127.0
23021,IDN,Asia,Indonesia,273523621.0,0.6939999999999967,11188.743999999957,2020-11-28,527999.0,16646.0,5418.0,125.0,4955.857,124.571,1930.36,60.858000000000004,19.808,0.457,18.119,0.455,6.32,342.86400000000003,29.3,64.204,1.04,71.72,28.7,3766860.0,37299.0,13.772,0.136,34322.0,0.125,6.9,5.7,0,20201128.0
23022,IDN,Asia,Indonesia,273523621.0,0.6939999999999967,11188.743999999957,2020-11-29,534266.0,16815.0,6267.0,169.0,5228.286,133.0,1953.2720000000002,61.475,22.912,0.618,19.115,0.486,6.32,342.86400000000003,29.3,64.204,1.04,71.72,28.7,3797881.0,31021.0,13.885,0.113,34963.0,0.128,6.7,5.7,0,20201129.0
23023,IDN,Asia,Indonesia,273523621.0,0.6939999999999967,11188.743999999957,2020-11-30,538883.0,16945.0,4617.0,130.0,5253.286,134.714,1970.152,61.951,16.88,0.475,19.206,0.493,6.32,342.86400000000003,29.3,64.204,1.04,71.72,28.7,3827720.0,29839.0,13.994000000000002,0.109,35321.0,0.129,6.7,5.7,0,20201130.0
23024,IDN,Asia,Indonesia,273523621.0,0.6939999999999967,11188.743999999957,2020-12-01,543975.0,17081.0,5092.0,136.0,5381.857,138.571,1988.7679999999998,62.448,18.616,0.49700000000000005,19.676,0.507,6.32,342.86400000000003,29.3,64.204,1.04,71.72,28.7,3865412.0,37692.0,14.132,0.138,36738.0,0.134,6.8,5.7,0,20201201.0
23025,IDN,Asia,Indonesia,273523621.0,0.6939999999999967,11188.743999999957,2020-12-02,549508.0,17199.0,5533.0,118.0,5381.714,139.143,2008.997,62.879,20.229,0.431,19.676,0.509,6.32,342.86400000000003,29.3,64.204,1.04,71.72,28.7,3907273.0,41861.0,14.285,0.153,36473.0,0.133,6.8,5.7,0,20201202.0
23026,IDN,Asia,Indonesia,273523621.0,0.6939999999999967,11188.743999999957,2020-12-03,557877.0,17355.0,8369.0,156.0,5874.857,143.286,2039.594,63.45,30.596999999999998,0.57,21.478,0.524,6.32,342.86400000000003,29.3,64.204,1.04,71.72,28.7,0.0,0.0,0.0,0.0,35844.0,0.131,6.1,5.7,0,20201203.0
23027,IDN,Asia,Indonesia,273523621.0,0.6939999999999967,11188.743999999957,2020-12-04,563680.0,17479.0,5803.0,124.0,5871.286,136.857,2060.8089999999997,63.903,21.215999999999998,0.45299999999999996,21.465,0.5,6.32,342.86400000000003,29.3,64.204,1.04,71.72,28.7,0.0,0.0,0.0,0.0,35034.0,0.128,6.0,5.7,0,20201204.0
23028,IDN,Asia,Indonesia,273523621.0,0.6939999999999967,11188.743999999957,2020-12-05,569707.0,17589.0,6027.0,110.0,5958.286,134.714,2082.844,64.305,22.035,0.402,21.783,0.493,6.32,342.86400000000003,29.3,64.204,1.04,71.72,28.7,0.0,0.0,0.0,0.0,34528.0,0.126,5.8,5.7,0,20201205.0
23029,IDN,Asia,Indonesia,273523621.0,0.6939999999999967,11188.743999999957,2020-12-06,575796.0,17740.0,6089.0,151.0,5932.857,132.143,2105.105,64.857,22.261,0.552,21.69,0.483,6.32,342.86400000000003,29.3,64.204,1.04,71.72,28.7,0.0,0.0,0.0,0.0,34920.0,0.128,5.9,5.7,0,20201206.0
23030,IDN,Asia,Indonesia,273523621.0,0.6939999999999967,11188.743999999957,2020-12-07,581550.0,17867.0,5754.0,127.0,6095.286,131.714,2126.1420000000003,65.322,21.037,0.46399999999999997,22.284000000000002,0.48200000000000004,6.32,342.86400000000003,29.3,64.204,1.04,71.72,28.7,0.0,0.0,0.0,0.0,35480.0,0.13,5.8,5.7,0,20201207.0
23031,IDN,Asia,Indonesia,273523621.0,0.6939999999999967,11188.743999999957,2020-12-08,586842.0,18000.0,5292.0,133.0,6123.857,131.286,2145.489,65.808,19.348,0.486,22.389,0.48,6.32,342.86400000000003,29.3,64.204,1.04,71.72,28.7,0.0,0.0,0.0,0.0,34919.0,0.128,5.7,5.7,0,20201208.0
23032,IDN,Asia,Indonesia,273523621.0,0.6939999999999967,11188.743999999957,2020-12-09,592900.0,18171.0,6058.0,171.0,6198.857,138.857,2167.637,66.433,22.148000000000003,0.625,22.663,0.508,6.32,342.86400000000003,29.3,64.204,1.04,71.72,28.7,4143604.0,0.0,15.149000000000001,0.0,33762.0,0.12300000000000001,5.4,5.7,0,20201209.0
23033,IDN,Asia,Indonesia,273523621.0,0.6939999999999967,11188.743999999957,2020-12-10,598933.0,18336.0,6033.0,165.0,5865.143,140.143,2189.694,67.036,22.057,0.603,21.443,0.512,6.32,342.86400000000003,29.3,64.204,1.04,71.72,28.7,0.0,0.0,0.0,0.0,33097.0,0.121,5.6,5.7,0,20201210.0
23034,IDN,Asia,Indonesia,273523621.0,0.6939999999999967,11188.743999999957,2020-12-11,605243.0,18511.0,6310.0,175.0,5937.571,147.429,2212.763,67.676,23.069000000000003,0.64,21.708000000000002,0.539,6.32,342.86400000000003,29.3,64.204,1.04,71.72,28.7,0.0,0.0,0.0,0.0,32433.0,0.11900000000000001,5.5,5.7,0,20201211.0
23035,IDN,Asia,Indonesia,273523621.0,0.6939999999999967,11188.743999999957,2020-12-12,611631.0,18653.0,6388.0,142.0,5989.143,152.0,2236.118,68.195,23.354,0.519,21.896,0.556,6.32,342.86400000000003,29.3,64.204,1.04,71.72,28.7,0.0,0.0,0.0,0.0,31769.0,0.11599999999999999,5.3,5.7,0,20201212.0
23036,IDN,Asia,Indonesia,273523621.0,0.6939999999999967,11188.743999999957,2020-12-13,617820.0,18819.0,6189.0,166.0,6003.429,154.143,2258.745,68.80199999999999,22.627,0.607,21.948,0.564,6.32,342.86400000000003,29.3,64.204,1.04,71.72,28.7,0.0,0.0,0.0,0.0,31105.0,0.114,5.2,5.7,0,20201213.0
23037,IDN,Asia,Indonesia,273523621.0,0.6939999999999967,11188.743999999957,2020-12-14,623309.0,18956.0,5489.0,137.0,5965.571,155.571,2278.812,69.303,20.067999999999998,0.501,21.81,0.569,6.32,342.86400000000003,29.3,64.204,1.04,71.72,28.7,0.0,0.0,0.0,0.0,30441.0,0.111,5.1,5.7,0,20201214.0
23038,IDN,Asia,Indonesia,273523621.0,0.6939999999999967,11188.743999999957,2020-12-15,629429.0,19111.0,6120.0,155.0,6083.857,158.714,2301.187,69.87,22.375,0.5670000000000001,22.243000000000002,0.58,6.32,342.86400000000003,29.3,64.204,1.04,71.72,28.7,0.0,0.0,0.0,0.0,29777.0,0.109,4.9,5.7,0,20201215.0
23039,IDN,Asia,Indonesia,273523621.0,0.6939999999999967,11188.743999999957,2020-12-16,636154.0,19248.0,6725.0,137.0,6179.143,153.857,2325.774,70.37100000000001,24.587,0.501,22.590999999999998,0.563,6.32,342.86400000000003,29.3,64.204,1.04,71.72,28.7,4347393.0,0.0,15.894,0.0,29113.0,0.106,4.7,5.7,0,20201216.0
23040,IDN,Asia,Indonesia,273523621.0,0.6939999999999967,11188.743999999957,2020-12-17,643508.0,19390.0,7354.0,142.0,6367.857,150.571,2352.66,70.89,26.886,0.519,23.281,0.55,6.32,342.86400000000003,29.3,64.204,1.04,71.72,28.7,4383985.0,36592.0,16.028,0.134,30181.0,0.11,4.7,5.7,0,20201217.0
23041,IDN,Asia,Indonesia,273523621.0,0.6939999999999967,11188.743999999957,2020-12-18,650197.0,19514.0,6689.0,124.0,6422.0,143.286,2377.115,71.343,24.455,0.45299999999999996,23.479,0.524,6.32,342.86400000000003,29.3,64.204,1.04,71.72,28.7,4427446.0,43461.0,16.187,0.159,32231.0,0.11800000000000001,5.0,5.7,0,20201218.0
23042,IDN,Asia,Indonesia,273523621.0,0.6939999999999967,11188.743999999957,2020-12-19,657948.0,19659.0,7751.0,145.0,6616.714,143.714,2405.452,71.873,28.338,0.53,24.191,0.525,6.32,342.86400000000003,29.3,64.204,1.04,71.72,28.7,4465960.0,38514.0,16.328,0.141,33574.0,0.12300000000000001,5.1,5.7,0,20201219.0
23043,IDN,Asia,Indonesia,273523621.0,0.6939999999999967,11188.743999999957,2020-12-20,664930.0,19880.0,6982.0,221.0,6730.0,151.571,2430.978,72.681,25.526,0.8079999999999999,24.605,0.5539999999999999,6.32,342.86400000000003,29.3,64.204,1.04,71.72,28.7,4507874.0,41914.0,16.480999999999998,0.153,35403.0,0.129,5.3,5.7,0,20201220.0
23044,IDN,Asia,Indonesia,273523621.0,0.6939999999999967,11188.743999999957,2020-12-21,671778.0,20085.0,6848.0,205.0,6924.143,161.286,2456.015,73.431,25.035999999999998,0.7490000000000001,25.315,0.59,6.32,342.86400000000003,29.3,64.204,1.04,71.72,28.7,4536711.0,28837.0,16.586,0.105,35363.0,0.129,0.0,5.7,0,20201221.0
