id,iso_code,continent,location,population,human_development_index,gdp_per_capita,date,total_cases,total_deaths,new_cases,new_deaths,new_cases_smoothed,new_deaths_smoothed,total_cases_per_million,total_deaths_per_million,new_cases_per_million,new_deaths_per_million,new_cases_smoothed_per_million,new_deaths_smoothed_per_million,diabetes_prevalence,cardiovasc_death_rate,median_age,handwashing_facilities,hospital_beds_per_thousand,life_expectancy,stringency_index,total_tests,new_tests,total_tests_per_thousand,new_tests_per_thousand,new_tests_smoothed,new_tests_smoothed_per_thousand,tests_per_case,extreme_poverty,train_data
31886,MYS,Asia,Malaysia,32365998.0,0.8019999999999979,26808.16399999994,2019-12-31,0.0,0.0,0.0,0.0,0.0,0.0,0.0,0.0,0.0,0.0,0.0,0.0,16.74,260.942,29.9,71.6296784090913,1.9,76.16,56.9189426609171,0.0,0.0,0.0,0.0,0.0,0.0,0.0,0.1,1
31887,MYS,Asia,Malaysia,32365998.0,0.8019999999999979,26808.16399999994,2020-01-01,0.0,0.0,0.0,0.0,0.0,0.0,0.0,0.0,0.0,0.0,0.0,0.0,16.74,260.942,29.9,71.6296784090913,1.9,76.16,56.9189426609171,0.0,0.0,0.0,0.0,0.0,0.0,0.0,0.1,1
31888,MYS,Asia,Malaysia,32365998.0,0.8019999999999979,26808.16399999994,2020-01-02,0.0,0.0,0.0,0.0,0.0,0.0,0.0,0.0,0.0,0.0,0.0,0.0,16.74,260.942,29.9,71.6296784090913,1.9,76.16,56.9189426609171,0.0,0.0,0.0,0.0,0.0,0.0,0.0,0.1,1
31889,MYS,Asia,Malaysia,32365998.0,0.8019999999999979,26808.16399999994,2020-01-03,0.0,0.0,0.0,0.0,0.0,0.0,0.0,0.0,0.0,0.0,0.0,0.0,16.74,260.942,29.9,71.6296784090913,1.9,76.16,56.9189426609171,0.0,0.0,0.0,0.0,0.0,0.0,0.0,0.1,1
31890,MYS,Asia,Malaysia,32365998.0,0.8019999999999979,26808.16399999994,2020-01-04,0.0,0.0,0.0,0.0,0.0,0.0,0.0,0.0,0.0,0.0,0.0,0.0,16.74,260.942,29.9,71.6296784090913,1.9,76.16,56.9189426609171,0.0,0.0,0.0,0.0,0.0,0.0,0.0,0.1,1
31891,MYS,Asia,Malaysia,32365998.0,0.8019999999999979,26808.16399999994,2020-01-05,0.0,0.0,0.0,0.0,0.0,0.0,0.0,0.0,0.0,0.0,0.0,0.0,16.74,260.942,29.9,71.6296784090913,1.9,76.16,56.9189426609171,0.0,0.0,0.0,0.0,0.0,0.0,0.0,0.1,1
31892,MYS,Asia,Malaysia,32365998.0,0.8019999999999979,26808.16399999994,2020-01-06,0.0,0.0,0.0,0.0,0.0,0.0,0.0,0.0,0.0,0.0,0.0,0.0,16.74,260.942,29.9,71.6296784090913,1.9,76.16,56.9189426609171,0.0,0.0,0.0,0.0,0.0,0.0,0.0,0.1,1
31893,MYS,Asia,Malaysia,32365998.0,0.8019999999999979,26808.16399999994,2020-01-07,0.0,0.0,0.0,0.0,0.0,0.0,0.0,0.0,0.0,0.0,0.0,0.0,16.74,260.942,29.9,71.6296784090913,1.9,76.16,56.9189426609171,0.0,0.0,0.0,0.0,0.0,0.0,0.0,0.1,1
31894,MYS,Asia,Malaysia,32365998.0,0.8019999999999979,26808.16399999994,2020-01-08,0.0,0.0,0.0,0.0,0.0,0.0,0.0,0.0,0.0,0.0,0.0,0.0,16.74,260.942,29.9,71.6296784090913,1.9,76.16,56.9189426609171,0.0,0.0,0.0,0.0,0.0,0.0,0.0,0.1,1
31895,MYS,Asia,Malaysia,32365998.0,0.8019999999999979,26808.16399999994,2020-01-09,0.0,0.0,0.0,0.0,0.0,0.0,0.0,0.0,0.0,0.0,0.0,0.0,16.74,260.942,29.9,71.6296784090913,1.9,76.16,56.9189426609171,0.0,0.0,0.0,0.0,0.0,0.0,0.0,0.1,1
31896,MYS,Asia,Malaysia,32365998.0,0.8019999999999979,26808.16399999994,2020-01-10,0.0,0.0,0.0,0.0,0.0,0.0,0.0,0.0,0.0,0.0,0.0,0.0,16.74,260.942,29.9,71.6296784090913,1.9,76.16,56.9189426609171,0.0,0.0,0.0,0.0,0.0,0.0,0.0,0.1,1
31897,MYS,Asia,Malaysia,32365998.0,0.8019999999999979,26808.16399999994,2020-01-11,0.0,0.0,0.0,0.0,0.0,0.0,0.0,0.0,0.0,0.0,0.0,0.0,16.74,260.942,29.9,71.6296784090913,1.9,76.16,56.9189426609171,0.0,0.0,0.0,0.0,0.0,0.0,0.0,0.1,1
31898,MYS,Asia,Malaysia,32365998.0,0.8019999999999979,26808.16399999994,2020-01-12,0.0,0.0,0.0,0.0,0.0,0.0,0.0,0.0,0.0,0.0,0.0,0.0,16.74,260.942,29.9,71.6296784090913,1.9,76.16,56.9189426609171,0.0,0.0,0.0,0.0,0.0,0.0,0.0,0.1,1
31899,MYS,Asia,Malaysia,32365998.0,0.8019999999999979,26808.16399999994,2020-01-13,0.0,0.0,0.0,0.0,0.0,0.0,0.0,0.0,0.0,0.0,0.0,0.0,16.74,260.942,29.9,71.6296784090913,1.9,76.16,56.9189426609171,0.0,0.0,0.0,0.0,0.0,0.0,0.0,0.1,1
31900,MYS,Asia,Malaysia,32365998.0,0.8019999999999979,26808.16399999994,2020-01-14,0.0,0.0,0.0,0.0,0.0,0.0,0.0,0.0,0.0,0.0,0.0,0.0,16.74,260.942,29.9,71.6296784090913,1.9,76.16,56.9189426609171,0.0,0.0,0.0,0.0,0.0,0.0,0.0,0.1,1
31901,MYS,Asia,Malaysia,32365998.0,0.8019999999999979,26808.16399999994,2020-01-15,0.0,0.0,0.0,0.0,0.0,0.0,0.0,0.0,0.0,0.0,0.0,0.0,16.74,260.942,29.9,71.6296784090913,1.9,76.16,56.9189426609171,0.0,0.0,0.0,0.0,0.0,0.0,0.0,0.1,1
31902,MYS,Asia,Malaysia,32365998.0,0.8019999999999979,26808.16399999994,2020-01-16,0.0,0.0,0.0,0.0,0.0,0.0,0.0,0.0,0.0,0.0,0.0,0.0,16.74,260.942,29.9,71.6296784090913,1.9,76.16,56.9189426609171,0.0,0.0,0.0,0.0,0.0,0.0,0.0,0.1,1
31903,MYS,Asia,Malaysia,32365998.0,0.8019999999999979,26808.16399999994,2020-01-17,0.0,0.0,0.0,0.0,0.0,0.0,0.0,0.0,0.0,0.0,0.0,0.0,16.74,260.942,29.9,71.6296784090913,1.9,76.16,56.9189426609171,0.0,0.0,0.0,0.0,0.0,0.0,0.0,0.1,1
31904,MYS,Asia,Malaysia,32365998.0,0.8019999999999979,26808.16399999994,2020-01-18,0.0,0.0,0.0,0.0,0.0,0.0,0.0,0.0,0.0,0.0,0.0,0.0,16.74,260.942,29.9,71.6296784090913,1.9,76.16,56.9189426609171,0.0,0.0,0.0,0.0,0.0,0.0,0.0,0.1,1
31905,MYS,Asia,Malaysia,32365998.0,0.8019999999999979,26808.16399999994,2020-01-19,0.0,0.0,0.0,0.0,0.0,0.0,0.0,0.0,0.0,0.0,0.0,0.0,16.74,260.942,29.9,71.6296784090913,1.9,76.16,56.9189426609171,0.0,0.0,0.0,0.0,0.0,0.0,0.0,0.1,1
31906,MYS,Asia,Malaysia,32365998.0,0.8019999999999979,26808.16399999994,2020-01-20,0.0,0.0,0.0,0.0,0.0,0.0,0.0,0.0,0.0,0.0,0.0,0.0,16.74,260.942,29.9,71.6296784090913,1.9,76.16,56.9189426609171,0.0,0.0,0.0,0.0,0.0,0.0,0.0,0.1,1
31907,MYS,Asia,Malaysia,32365998.0,0.8019999999999979,26808.16399999994,2020-01-21,0.0,0.0,0.0,0.0,0.0,0.0,0.0,0.0,0.0,0.0,0.0,0.0,16.74,260.942,29.9,71.6296784090913,1.9,76.16,56.9189426609171,0.0,0.0,0.0,0.0,0.0,0.0,0.0,0.1,1
31908,MYS,Asia,Malaysia,32365998.0,0.8019999999999979,26808.16399999994,2020-01-22,0.0,0.0,0.0,0.0,0.0,0.0,0.0,0.0,0.0,0.0,0.0,0.0,16.74,260.942,29.9,71.6296784090913,1.9,76.16,56.9189426609171,0.0,0.0,0.0,0.0,0.0,0.0,0.0,0.1,1
31909,MYS,Asia,Malaysia,32365998.0,0.8019999999999979,26808.16399999994,2020-01-23,0.0,0.0,0.0,0.0,0.0,0.0,0.0,0.0,0.0,0.0,0.0,0.0,16.74,260.942,29.9,71.6296784090913,1.9,76.16,56.9189426609171,0.0,0.0,0.0,0.0,0.0,0.0,0.0,0.1,1
31910,MYS,Asia,Malaysia,32365998.0,0.8019999999999979,26808.16399999994,2020-01-24,0.0,0.0,0.0,0.0,0.0,0.0,0.0,0.0,0.0,0.0,0.0,0.0,16.74,260.942,29.9,71.6296784090913,1.9,76.16,56.9189426609171,0.0,0.0,0.0,0.0,0.0,0.0,0.0,0.1,1
31911,MYS,Asia,Malaysia,32365998.0,0.8019999999999979,26808.16399999994,2020-01-25,3.0,0.0,3.0,0.0,0.429,0.0,0.09300000000000001,0.0,0.09300000000000001,0.0,0.013000000000000001,0.0,16.74,260.942,29.9,71.6296784090913,1.9,76.16,56.9189426609171,0.0,0.0,0.0,0.0,0.0,0.0,0.0,0.1,1
31912,MYS,Asia,Malaysia,32365998.0,0.8019999999999979,26808.16399999994,2020-01-26,4.0,0.0,1.0,0.0,0.5710000000000001,0.0,0.124,0.0,0.031,0.0,0.018000000000000002,0.0,16.74,260.942,29.9,71.6296784090913,1.9,76.16,56.9189426609171,0.0,0.0,0.0,0.0,0.0,0.0,0.0,0.1,1
31913,MYS,Asia,Malaysia,32365998.0,0.8019999999999979,26808.16399999994,2020-01-27,4.0,0.0,0.0,0.0,0.5710000000000001,0.0,0.124,0.0,0.0,0.0,0.018000000000000002,0.0,16.74,260.942,29.9,71.6296784090913,1.9,76.16,56.9189426609171,0.0,0.0,0.0,0.0,0.0,0.0,0.0,0.1,1
31914,MYS,Asia,Malaysia,32365998.0,0.8019999999999979,26808.16399999994,2020-01-28,4.0,0.0,0.0,0.0,0.5710000000000001,0.0,0.124,0.0,0.0,0.0,0.018000000000000002,0.0,16.74,260.942,29.9,71.6296784090913,1.9,76.16,56.9189426609171,0.0,0.0,0.0,0.0,0.0,0.0,0.0,0.1,1
31915,MYS,Asia,Malaysia,32365998.0,0.8019999999999979,26808.16399999994,2020-01-29,7.0,0.0,3.0,0.0,1.0,0.0,0.21600000000000003,0.0,0.09300000000000001,0.0,0.031,0.0,16.74,260.942,29.9,71.6296784090913,1.9,76.16,56.9189426609171,0.0,0.0,0.0,0.0,0.0,0.0,0.0,0.1,1
31916,MYS,Asia,Malaysia,32365998.0,0.8019999999999979,26808.16399999994,2020-01-30,7.0,0.0,0.0,0.0,1.0,0.0,0.21600000000000003,0.0,0.0,0.0,0.031,0.0,16.74,260.942,29.9,71.6296784090913,1.9,76.16,56.9189426609171,0.0,0.0,0.0,0.0,0.0,0.0,0.0,0.1,1
31917,MYS,Asia,Malaysia,32365998.0,0.8019999999999979,26808.16399999994,2020-01-31,8.0,0.0,1.0,0.0,1.143,0.0,0.247,0.0,0.031,0.0,0.035,0.0,16.74,260.942,29.9,71.6296784090913,1.9,76.16,56.9189426609171,0.0,0.0,0.0,0.0,0.0,0.0,0.0,0.1,1
31918,MYS,Asia,Malaysia,32365998.0,0.8019999999999979,26808.16399999994,2020-02-01,8.0,0.0,0.0,0.0,0.7140000000000001,0.0,0.247,0.0,0.0,0.0,0.022000000000000002,0.0,16.74,260.942,29.9,71.6296784090913,1.9,76.16,56.9189426609171,0.0,0.0,0.0,0.0,0.0,0.0,0.0,0.1,1
31919,MYS,Asia,Malaysia,32365998.0,0.8019999999999979,26808.16399999994,2020-02-02,8.0,0.0,0.0,0.0,0.5710000000000001,0.0,0.247,0.0,0.0,0.0,0.018000000000000002,0.0,16.74,260.942,29.9,71.6296784090913,1.9,76.16,56.9189426609171,0.0,0.0,0.0,0.0,0.0,0.0,0.0,0.1,1
31920,MYS,Asia,Malaysia,32365998.0,0.8019999999999979,26808.16399999994,2020-02-03,8.0,0.0,0.0,0.0,0.5710000000000001,0.0,0.247,0.0,0.0,0.0,0.018000000000000002,0.0,16.74,260.942,29.9,71.6296784090913,1.9,76.16,56.9189426609171,0.0,0.0,0.0,0.0,0.0,0.0,0.0,0.1,1
31921,MYS,Asia,Malaysia,32365998.0,0.8019999999999979,26808.16399999994,2020-02-04,8.0,0.0,0.0,0.0,0.5710000000000001,0.0,0.247,0.0,0.0,0.0,0.018000000000000002,0.0,16.74,260.942,29.9,71.6296784090913,1.9,76.16,56.9189426609171,0.0,0.0,0.0,0.0,0.0,0.0,0.0,0.1,1
31922,MYS,Asia,Malaysia,32365998.0,0.8019999999999979,26808.16399999994,2020-02-05,10.0,0.0,2.0,0.0,0.429,0.0,0.309,0.0,0.062,0.0,0.013000000000000001,0.0,16.74,260.942,29.9,71.6296784090913,1.9,76.16,56.9189426609171,0.0,0.0,0.0,0.0,0.0,0.0,0.0,0.1,1
31923,MYS,Asia,Malaysia,32365998.0,0.8019999999999979,26808.16399999994,2020-02-06,12.0,0.0,2.0,0.0,0.7140000000000001,0.0,0.371,0.0,0.062,0.0,0.022000000000000002,0.0,16.74,260.942,29.9,71.6296784090913,1.9,76.16,56.9189426609171,0.0,0.0,0.0,0.0,0.0,0.0,0.0,0.1,1
31924,MYS,Asia,Malaysia,32365998.0,0.8019999999999979,26808.16399999994,2020-02-07,14.0,0.0,2.0,0.0,0.857,0.0,0.433,0.0,0.062,0.0,0.026000000000000002,0.0,16.74,260.942,29.9,71.6296784090913,1.9,76.16,56.9189426609171,0.0,0.0,0.0,0.0,0.0,0.0,0.0,0.1,1
31925,MYS,Asia,Malaysia,32365998.0,0.8019999999999979,26808.16399999994,2020-02-08,15.0,0.0,1.0,0.0,1.0,0.0,0.46299999999999997,0.0,0.031,0.0,0.031,0.0,16.74,260.942,29.9,71.6296784090913,1.9,76.16,56.9189426609171,0.0,0.0,0.0,0.0,0.0,0.0,0.0,0.1,1
31926,MYS,Asia,Malaysia,32365998.0,0.8019999999999979,26808.16399999994,2020-02-09,16.0,0.0,1.0,0.0,1.143,0.0,0.494,0.0,0.031,0.0,0.035,0.0,16.74,260.942,29.9,71.6296784090913,1.9,76.16,56.9189426609171,0.0,0.0,0.0,0.0,0.0,0.0,0.0,0.1,1
31927,MYS,Asia,Malaysia,32365998.0,0.8019999999999979,26808.16399999994,2020-02-10,18.0,0.0,2.0,0.0,1.429,0.0,0.556,0.0,0.062,0.0,0.044000000000000004,0.0,16.74,260.942,29.9,71.6296784090913,1.9,76.16,56.9189426609171,0.0,0.0,0.0,0.0,0.0,0.0,0.0,0.1,1
31928,MYS,Asia,Malaysia,32365998.0,0.8019999999999979,26808.16399999994,2020-02-11,18.0,0.0,0.0,0.0,1.429,0.0,0.556,0.0,0.0,0.0,0.044000000000000004,0.0,16.74,260.942,29.9,71.6296784090913,1.9,76.16,56.9189426609171,0.0,0.0,0.0,0.0,0.0,0.0,0.0,0.1,1
31929,MYS,Asia,Malaysia,32365998.0,0.8019999999999979,26808.16399999994,2020-02-12,18.0,0.0,0.0,0.0,1.143,0.0,0.556,0.0,0.0,0.0,0.035,0.0,16.74,260.942,29.9,71.6296784090913,1.9,76.16,56.9189426609171,0.0,0.0,0.0,0.0,0.0,0.0,0.0,0.1,1
31930,MYS,Asia,Malaysia,32365998.0,0.8019999999999979,26808.16399999994,2020-02-13,18.0,0.0,0.0,0.0,0.857,0.0,0.556,0.0,0.0,0.0,0.026000000000000002,0.0,16.74,260.942,29.9,71.6296784090913,1.9,76.16,56.9189426609171,0.0,0.0,0.0,0.0,0.0,0.0,0.0,0.1,1
31931,MYS,Asia,Malaysia,32365998.0,0.8019999999999979,26808.16399999994,2020-02-14,19.0,0.0,1.0,0.0,0.7140000000000001,0.0,0.5870000000000001,0.0,0.031,0.0,0.022000000000000002,0.0,16.74,260.942,29.9,71.6296784090913,1.9,76.16,56.9189426609171,653.0,0.0,0.02,0.0,0.0,0.0,0.0,0.1,1
31932,MYS,Asia,Malaysia,32365998.0,0.8019999999999979,26808.16399999994,2020-02-15,21.0,0.0,2.0,0.0,0.857,0.0,0.649,0.0,0.062,0.0,0.026000000000000002,0.0,16.74,260.942,29.9,71.6296784090913,1.9,76.16,56.9189426609171,0.0,0.0,0.0,0.0,0.0,0.0,0.0,0.1,1
31933,MYS,Asia,Malaysia,32365998.0,0.8019999999999979,26808.16399999994,2020-02-16,22.0,0.0,1.0,0.0,0.857,0.0,0.68,0.0,0.031,0.0,0.026000000000000002,0.0,16.74,260.942,29.9,71.6296784090913,1.9,76.16,56.9189426609171,656.0,0.0,0.02,0.0,0.0,0.0,0.0,0.1,1
31934,MYS,Asia,Malaysia,32365998.0,0.8019999999999979,26808.16399999994,2020-02-17,22.0,0.0,0.0,0.0,0.5710000000000001,0.0,0.68,0.0,0.0,0.0,0.018000000000000002,0.0,16.74,260.942,29.9,71.6296784090913,1.9,76.16,56.9189426609171,757.0,101.0,0.023,0.003,0.0,0.0,0.0,0.1,1
31935,MYS,Asia,Malaysia,32365998.0,0.8019999999999979,26808.16399999994,2020-02-18,22.0,0.0,0.0,0.0,0.5710000000000001,0.0,0.68,0.0,0.0,0.0,0.018000000000000002,0.0,16.74,260.942,29.9,71.6296784090913,1.9,76.16,56.9189426609171,797.0,40.0,0.025,0.001,0.0,0.0,0.0,0.1,1
31936,MYS,Asia,Malaysia,32365998.0,0.8019999999999979,26808.16399999994,2020-02-19,22.0,0.0,0.0,0.0,0.5710000000000001,0.0,0.68,0.0,0.0,0.0,0.018000000000000002,0.0,16.74,260.942,29.9,71.6296784090913,1.9,76.16,56.9189426609171,0.0,0.0,0.0,0.0,0.0,0.0,0.0,0.1,1
31937,MYS,Asia,Malaysia,32365998.0,0.8019999999999979,26808.16399999994,2020-02-20,22.0,0.0,0.0,0.0,0.5710000000000001,0.0,0.68,0.0,0.0,0.0,0.018000000000000002,0.0,16.74,260.942,29.9,71.6296784090913,1.9,76.16,56.9189426609171,880.0,0.0,0.027000000000000003,0.0,0.0,0.0,0.0,0.1,1
31938,MYS,Asia,Malaysia,32365998.0,0.8019999999999979,26808.16399999994,2020-02-21,22.0,0.0,0.0,0.0,0.429,0.0,0.68,0.0,0.0,0.0,0.013000000000000001,0.0,16.74,260.942,29.9,71.6296784090913,1.9,76.16,56.9189426609171,968.0,88.0,0.03,0.003,45.0,0.001,105.0,0.1,1
31939,MYS,Asia,Malaysia,32365998.0,0.8019999999999979,26808.16399999994,2020-02-22,22.0,0.0,0.0,0.0,0.14300000000000002,0.0,0.68,0.0,0.0,0.0,0.004,0.0,16.74,260.942,29.9,71.6296784090913,1.9,76.16,56.9189426609171,0.0,0.0,0.0,0.0,49.0,0.002,343.0,0.1,1
31940,MYS,Asia,Malaysia,32365998.0,0.8019999999999979,26808.16399999994,2020-02-23,22.0,0.0,0.0,0.0,0.0,0.0,0.68,0.0,0.0,0.0,0.0,0.0,16.74,260.942,29.9,71.6296784090913,1.9,76.16,56.9189426609171,1028.0,0.0,0.032,0.0,53.0,0.002,0.0,0.1,1
31941,MYS,Asia,Malaysia,32365998.0,0.8019999999999979,26808.16399999994,2020-02-24,22.0,0.0,0.0,0.0,0.0,0.0,0.68,0.0,0.0,0.0,0.0,0.0,16.74,260.942,29.9,71.6296784090913,1.9,76.16,56.9189426609171,1054.0,26.0,0.033,0.001,42.0,0.001,0.0,0.1,1
31942,MYS,Asia,Malaysia,32365998.0,0.8019999999999979,26808.16399999994,2020-02-25,22.0,0.0,0.0,0.0,0.0,0.0,0.68,0.0,0.0,0.0,0.0,0.0,16.74,260.942,29.9,71.6296784090913,1.9,76.16,56.9189426609171,1067.0,13.0,0.033,0.0,39.0,0.001,0.0,0.1,1
31943,MYS,Asia,Malaysia,32365998.0,0.8019999999999979,26808.16399999994,2020-02-26,22.0,0.0,0.0,0.0,0.0,0.0,0.68,0.0,0.0,0.0,0.0,0.0,16.74,260.942,29.9,71.6296784090913,1.9,76.16,56.9189426609171,1091.0,24.0,0.034,0.001,36.0,0.001,0.0,0.1,1
31944,MYS,Asia,Malaysia,32365998.0,0.8019999999999979,26808.16399999994,2020-02-27,22.0,0.0,0.0,0.0,0.0,0.0,0.68,0.0,0.0,0.0,0.0,0.0,16.74,260.942,29.9,71.6296784090913,1.9,76.16,56.9189426609171,1545.0,454.0,0.048,0.013999999999999999,95.0,0.003,0.0,0.1,1
31945,MYS,Asia,Malaysia,32365998.0,0.8019999999999979,26808.16399999994,2020-02-28,23.0,0.0,1.0,0.0,0.14300000000000002,0.0,0.711,0.0,0.031,0.0,0.004,0.0,16.74,260.942,29.9,71.6296784090913,1.9,76.16,56.9189426609171,1548.0,3.0,0.048,0.0,83.0,0.003,581.0,0.1,1
31946,MYS,Asia,Malaysia,32365998.0,0.8019999999999979,26808.16399999994,2020-02-29,25.0,0.0,2.0,0.0,0.429,0.0,0.772,0.0,0.062,0.0,0.013000000000000001,0.0,16.74,260.942,29.9,71.6296784090913,1.9,76.16,56.9189426609171,0.0,0.0,0.0,0.0,88.0,0.003,205.333,0.1,1
31947,MYS,Asia,Malaysia,32365998.0,0.8019999999999979,26808.16399999994,2020-03-01,25.0,0.0,0.0,0.0,0.429,0.0,0.772,0.0,0.0,0.0,0.013000000000000001,0.0,16.74,260.942,29.9,71.6296784090913,1.9,76.16,56.9189426609171,0.0,0.0,0.0,0.0,92.0,0.003,214.667,0.1,1
31948,MYS,Asia,Malaysia,32365998.0,0.8019999999999979,26808.16399999994,2020-03-02,29.0,0.0,4.0,0.0,1.0,0.0,0.8959999999999999,0.0,0.124,0.0,0.031,0.0,16.74,260.942,29.9,71.6296784090913,1.9,76.16,56.9189426609171,1739.0,0.0,0.054000000000000006,0.0,98.0,0.003,98.0,0.1,1
31949,MYS,Asia,Malaysia,32365998.0,0.8019999999999979,26808.16399999994,2020-03-03,0.0,0.0,0.0,0.0,1.0,0.0,0.0,0.0,0.0,0.0,0.031,0.0,16.74,260.942,29.9,71.6296784090913,1.9,76.16,56.9189426609171,0.0,0.0,0.0,0.0,113.0,0.003,113.0,0.1,1
31950,MYS,Asia,Malaysia,32365998.0,0.8019999999999979,26808.16399999994,2020-03-04,36.0,0.0,7.0,0.0,2.0,0.0,1.112,0.0,0.21600000000000003,0.0,0.062,0.0,16.74,260.942,29.9,71.6296784090913,1.9,76.16,56.9189426609171,1983.0,0.0,0.061,0.0,127.0,0.004,63.5,0.1,1
31951,MYS,Asia,Malaysia,32365998.0,0.8019999999999979,26808.16399999994,2020-03-05,50.0,0.0,14.0,0.0,4.0,0.0,1.545,0.0,0.433,0.0,0.124,0.0,16.74,260.942,29.9,71.6296784090913,1.9,76.16,56.9189426609171,0.0,0.0,0.0,0.0,83.0,0.003,20.75,0.1,1
31952,MYS,Asia,Malaysia,32365998.0,0.8019999999999979,26808.16399999994,2020-03-06,50.0,0.0,0.0,0.0,3.8569999999999998,0.0,1.545,0.0,0.0,0.0,0.11900000000000001,0.0,16.74,260.942,29.9,71.6296784090913,1.9,76.16,56.9189426609171,0.0,0.0,0.0,0.0,102.0,0.003,26.444000000000003,0.1,1
31953,MYS,Asia,Malaysia,32365998.0,0.8019999999999979,26808.16399999994,2020-03-07,83.0,0.0,33.0,0.0,8.286,0.0,2.5639999999999996,0.0,1.02,0.0,0.256,0.0,16.74,260.942,29.9,71.6296784090913,1.9,76.16,56.9189426609171,0.0,0.0,0.0,0.0,113.0,0.003,13.638,0.1,1
31954,MYS,Asia,Malaysia,32365998.0,0.8019999999999979,26808.16399999994,2020-03-08,93.0,0.0,10.0,0.0,9.714,0.0,2.873,0.0,0.309,0.0,0.3,0.0,16.74,260.942,29.9,71.6296784090913,1.9,76.16,56.9189426609171,0.0,0.0,0.0,0.0,124.0,0.004,12.765,0.1,1
31955,MYS,Asia,Malaysia,32365998.0,0.8019999999999979,26808.16399999994,2020-03-09,99.0,0.0,6.0,0.0,10.0,0.0,3.0589999999999997,0.0,0.185,0.0,0.309,0.0,16.74,260.942,29.9,71.6296784090913,1.9,76.16,56.9189426609171,2686.0,0.0,0.083,0.0,135.0,0.004,13.5,0.1,1
31956,MYS,Asia,Malaysia,32365998.0,0.8019999999999979,26808.16399999994,2020-03-10,117.0,0.0,18.0,0.0,12.571,0.0,3.615,0.0,0.556,0.0,0.38799999999999996,0.0,16.74,260.942,29.9,71.6296784090913,1.9,76.16,56.9189426609171,0.0,0.0,0.0,0.0,181.0,0.006,14.398,0.1,1
31957,MYS,Asia,Malaysia,32365998.0,0.8019999999999979,26808.16399999994,2020-03-11,129.0,0.0,12.0,0.0,13.286,0.0,3.986,0.0,0.371,0.0,0.41,0.0,16.74,260.942,29.9,71.6296784090913,1.9,76.16,56.9189426609171,3573.0,0.0,0.11,0.0,227.0,0.006999999999999999,17.086,0.1,1
31958,MYS,Asia,Malaysia,32365998.0,0.8019999999999979,26808.16399999994,2020-03-12,149.0,0.0,20.0,0.0,14.142999999999999,0.0,4.604,0.0,0.618,0.0,0.43700000000000006,0.0,16.74,260.942,29.9,71.6296784090913,1.9,76.16,56.9189426609171,3691.0,118.0,0.114,0.004,224.0,0.006999999999999999,15.838,0.1,1
31959,MYS,Asia,Malaysia,32365998.0,0.8019999999999979,26808.16399999994,2020-03-13,158.0,0.0,9.0,0.0,15.429,0.0,4.882,0.0,0.278,0.0,0.47700000000000004,0.0,16.74,260.942,29.9,71.6296784090913,1.9,76.16,56.9189426609171,0.0,0.0,0.0,0.0,290.0,0.009000000000000001,18.796,0.1,1
31960,MYS,Asia,Malaysia,32365998.0,0.8019999999999979,26808.16399999994,2020-03-14,197.0,0.0,39.0,0.0,16.285999999999998,0.0,6.087000000000001,0.0,1.205,0.0,0.503,0.0,16.74,260.942,29.9,71.6296784090913,1.9,76.16,56.9189426609171,4899.0,0.0,0.151,0.0,356.0,0.011000000000000001,21.86,0.1,1
31961,MYS,Asia,Malaysia,32365998.0,0.8019999999999979,26808.16399999994,2020-03-15,238.0,0.0,41.0,0.0,20.714000000000002,0.0,7.353,0.0,1.2670000000000001,0.0,0.64,0.0,16.74,260.942,29.9,71.6296784090913,1.9,76.16,56.9189426609171,0.0,0.0,0.0,0.0,429.0,0.013000000000000001,20.71,0.1,1
31962,MYS,Asia,Malaysia,32365998.0,0.8019999999999979,26808.16399999994,2020-03-16,428.0,0.0,190.0,0.0,47.0,0.0,13.224,0.0,5.87,0.0,1.452,0.0,16.74,260.942,29.9,71.6296784090913,1.9,76.16,56.9189426609171,0.0,0.0,0.0,0.0,501.0,0.015,10.66,0.1,1
31963,MYS,Asia,Malaysia,32365998.0,0.8019999999999979,26808.16399999994,2020-03-17,553.0,0.0,125.0,0.0,62.286,0.0,17.086,0.0,3.862,0.0,1.9240000000000002,0.0,16.74,260.942,29.9,71.6296784090913,1.9,76.16,56.9189426609171,6842.0,0.0,0.21100000000000002,0.0,530.0,0.016,8.509,0.1,1
31964,MYS,Asia,Malaysia,32365998.0,0.8019999999999979,26808.16399999994,2020-03-18,673.0,2.0,120.0,2.0,77.714,0.28600000000000003,20.793000000000003,0.062,3.708,0.062,2.401,0.009000000000000001,16.74,260.942,29.9,71.6296784090913,1.9,76.16,56.9189426609171,0.0,0.0,0.0,0.0,612.0,0.019,7.875,0.1,1
31965,MYS,Asia,Malaysia,32365998.0,0.8019999999999979,26808.16399999994,2020-03-19,790.0,2.0,117.0,0.0,91.571,0.28600000000000003,24.408,0.062,3.615,0.0,2.8289999999999997,0.009000000000000001,16.74,260.942,29.9,71.6296784090913,1.9,76.16,56.9189426609171,8873.0,0.0,0.27399999999999997,0.0,740.0,0.023,8.081,0.1,1
31966,MYS,Asia,Malaysia,32365998.0,0.8019999999999979,26808.16399999994,2020-03-20,900.0,2.0,110.0,0.0,106.0,0.28600000000000003,27.807,0.062,3.3989999999999996,0.0,3.275,0.009000000000000001,16.74,260.942,29.9,71.6296784090913,1.9,76.16,56.9189426609171,10143.0,1270.0,0.313,0.039,835.0,0.026000000000000002,7.877000000000001,0.1,1
31967,MYS,Asia,Malaysia,32365998.0,0.8019999999999979,26808.16399999994,2020-03-21,1030.0,2.0,130.0,0.0,119.0,0.28600000000000003,31.824,0.062,4.0169999999999995,0.0,3.677,0.009000000000000001,16.74,260.942,29.9,71.6296784090913,1.9,76.16,56.9189426609171,0.0,0.0,0.0,0.0,830.0,0.026000000000000002,6.975,0.1,1
31968,MYS,Asia,Malaysia,32365998.0,0.8019999999999979,26808.16399999994,2020-03-22,1183.0,4.0,153.0,2.0,135.0,0.5710000000000001,36.551,0.124,4.727,0.062,4.171,0.018000000000000002,16.74,260.942,29.9,71.6296784090913,1.9,76.16,56.9189426609171,11275.0,0.0,0.348,0.0,818.0,0.025,6.059,0.1,1
31969,MYS,Asia,Malaysia,32365998.0,0.8019999999999979,26808.16399999994,2020-03-23,1306.0,10.0,123.0,6.0,125.429,1.429,40.351,0.309,3.8,0.185,3.875,0.044000000000000004,16.74,260.942,29.9,71.6296784090913,1.9,76.16,56.9189426609171,13110.0,1835.0,0.405,0.057,988.0,0.031,7.877000000000001,0.1,1
31970,MYS,Asia,Malaysia,32365998.0,0.8019999999999979,26808.16399999994,2020-03-24,1518.0,14.0,212.0,4.0,137.857,2.0,46.901,0.433,6.55,0.124,4.2589999999999995,0.062,16.74,260.942,29.9,71.6296784090913,1.9,76.16,56.9189426609171,13594.0,484.0,0.42,0.015,965.0,0.03,7.0,0.1,1
31971,MYS,Asia,Malaysia,32365998.0,0.8019999999999979,26808.16399999994,2020-03-25,1624.0,15.0,106.0,1.0,135.857,1.857,50.176,0.46299999999999997,3.275,0.031,4.198,0.057,16.74,260.942,29.9,71.6296784090913,1.9,76.16,56.9189426609171,15820.0,2226.0,0.489,0.069,1138.0,0.035,8.376,0.1,1
31972,MYS,Asia,Malaysia,32365998.0,0.8019999999999979,26808.16399999994,2020-03-26,1796.0,19.0,172.0,4.0,143.714,2.4290000000000003,55.49,0.5870000000000001,5.314,0.124,4.44,0.075,16.74,260.942,29.9,71.6296784090913,1.9,76.16,56.9189426609171,16983.0,1163.0,0.525,0.036000000000000004,1159.0,0.036000000000000004,8.065,0.1,1
31973,MYS,Asia,Malaysia,32365998.0,0.8019999999999979,26808.16399999994,2020-03-27,2031.0,23.0,235.0,4.0,161.571,3.0,62.751000000000005,0.711,7.261,0.124,4.992,0.09300000000000001,16.74,260.942,29.9,71.6296784090913,1.9,76.16,56.9189426609171,24168.0,7185.0,0.747,0.222,2004.0,0.062,12.402999999999999,0.1,1
31974,MYS,Asia,Malaysia,32365998.0,0.8019999999999979,26808.16399999994,2020-03-28,2161.0,26.0,130.0,3.0,161.571,3.429,66.768,0.8029999999999999,4.0169999999999995,0.09300000000000001,4.992,0.106,16.74,260.942,29.9,71.6296784090913,1.9,76.16,56.9189426609171,29461.0,5293.0,0.91,0.16399999999999998,2679.0,0.083,16.581,0.1,1
31975,MYS,Asia,Malaysia,32365998.0,0.8019999999999979,26808.16399999994,2020-03-29,2320.0,27.0,159.0,1.0,162.429,3.286,71.68,0.8340000000000001,4.913,0.031,5.018,0.102,16.74,260.942,29.9,71.6296784090913,1.9,76.16,56.9189426609171,0.0,0.0,0.0,0.0,2723.0,0.084,16.764,0.1,1
31976,MYS,Asia,Malaysia,32365998.0,0.8019999999999979,26808.16399999994,2020-03-30,2470.0,34.0,150.0,7.0,166.28599999999997,3.429,76.315,1.05,4.6339999999999995,0.21600000000000003,5.138,0.106,16.74,260.942,29.9,71.6296784090913,1.9,76.16,56.9189426609171,31206.0,0.0,0.9640000000000001,0.0,2585.0,0.08,15.546,0.1,1
31977,MYS,Asia,Malaysia,32365998.0,0.8019999999999979,26808.16399999994,2020-03-31,2626.0,37.0,156.0,3.0,158.286,3.286,81.135,1.143,4.82,0.09300000000000001,4.89,0.102,16.74,260.942,29.9,71.6296784090913,1.9,76.16,56.9189426609171,32264.0,1058.0,0.997,0.033,2667.0,0.08199999999999999,16.849,0.1,1
31978,MYS,Asia,Malaysia,32365998.0,0.8019999999999979,26808.16399999994,2020-04-01,2766.0,43.0,140.0,6.0,163.143,4.0,85.46,1.329,4.3260000000000005,0.185,5.041,0.124,16.74,260.942,29.9,71.6296784090913,1.9,76.16,56.9189426609171,35802.0,3538.0,1.1059999999999999,0.109,2855.0,0.08800000000000001,17.5,0.1,1
31979,MYS,Asia,Malaysia,32365998.0,0.8019999999999979,26808.16399999994,2020-04-02,2908.0,45.0,142.0,2.0,158.857,3.714,89.84700000000001,1.39,4.387,0.062,4.908,0.115,16.74,260.942,29.9,71.6296784090913,1.9,76.16,56.9189426609171,37599.0,1797.0,1.162,0.055999999999999994,2945.0,0.091,18.539,0.1,1
31980,MYS,Asia,Malaysia,32365998.0,0.8019999999999979,26808.16399999994,2020-04-03,3116.0,50.0,208.0,5.0,155.0,3.8569999999999998,96.274,1.545,6.426,0.154,4.789,0.11900000000000001,16.74,260.942,29.9,71.6296784090913,1.9,76.16,56.9189426609171,39458.0,1859.0,1.219,0.057,2184.0,0.067,14.09,0.1,1
31981,MYS,Asia,Malaysia,32365998.0,0.8019999999999979,26808.16399999994,2020-04-04,3333.0,53.0,217.0,3.0,167.429,3.8569999999999998,102.978,1.6380000000000001,6.705,0.09300000000000001,5.172999999999999,0.11900000000000001,16.74,260.942,29.9,71.6296784090913,1.9,76.16,56.9189426609171,40923.0,1465.0,1.264,0.045,1637.0,0.051,9.777000000000001,0.1,1
31982,MYS,Asia,Malaysia,32365998.0,0.8019999999999979,26808.16399999994,2020-04-05,3483.0,57.0,150.0,4.0,166.143,4.2860000000000005,107.613,1.761,4.6339999999999995,0.124,5.132999999999999,0.132,16.74,260.942,29.9,71.6296784090913,1.9,76.16,56.9189426609171,43539.0,2616.0,1.345,0.081,1886.0,0.057999999999999996,11.352,0.1,1
31983,MYS,Asia,Malaysia,32365998.0,0.8019999999999979,26808.16399999994,2020-04-06,3662.0,61.0,179.0,4.0,170.28599999999997,3.8569999999999998,113.14299999999999,1.885,5.53,0.124,5.261,0.11900000000000001,16.74,260.942,29.9,71.6296784090913,1.9,76.16,56.9189426609171,47457.0,3918.0,1.466,0.121,2322.0,0.07200000000000001,13.636,0.1,1
31984,MYS,Asia,Malaysia,32365998.0,0.8019999999999979,26808.16399999994,2020-04-07,3793.0,62.0,131.0,1.0,166.71400000000003,3.571,117.191,1.916,4.047,0.031,5.151,0.11,16.74,260.942,29.9,71.6296784090913,1.9,76.16,56.9189426609171,52485.0,5028.0,1.6219999999999999,0.155,2889.0,0.08900000000000001,17.329,0.1,1
31985,MYS,Asia,Malaysia,32365998.0,0.8019999999999979,26808.16399999994,2020-04-08,3963.0,63.0,170.0,1.0,171.0,2.8569999999999998,122.443,1.946,5.252000000000001,0.031,5.2829999999999995,0.08800000000000001,16.74,260.942,29.9,71.6296784090913,1.9,76.16,56.9189426609171,58240.0,5755.0,1.7990000000000002,0.17800000000000002,3205.0,0.099,18.743,0.1,1
31986,MYS,Asia,Malaysia,32365998.0,0.8019999999999979,26808.16399999994,2020-04-09,4119.0,65.0,156.0,2.0,173.0,2.8569999999999998,127.26299999999999,2.008,4.82,0.062,5.345,0.08800000000000001,16.74,260.942,29.9,71.6296784090913,1.9,76.16,56.9189426609171,63367.0,5127.0,1.9580000000000002,0.158,3681.0,0.114,21.276999999999997,0.1,1
31987,MYS,Asia,Malaysia,32365998.0,0.8019999999999979,26808.16399999994,2020-04-10,4228.0,67.0,109.0,2.0,158.857,2.4290000000000003,130.631,2.07,3.3680000000000003,0.062,4.908,0.075,16.74,260.942,29.9,71.6296784090913,1.9,76.16,56.9189426609171,67951.0,4584.0,2.099,0.142,4070.0,0.126,25.621,0.1,1
31988,MYS,Asia,Malaysia,32365998.0,0.8019999999999979,26808.16399999994,2020-04-11,4346.0,70.0,118.0,3.0,144.714,2.4290000000000003,134.27700000000002,2.1630000000000003,3.6460000000000004,0.09300000000000001,4.471,0.075,16.74,260.942,29.9,71.6296784090913,1.9,76.16,56.9189426609171,71897.0,3946.0,2.221,0.122,4425.0,0.13699999999999998,30.576999999999998,0.1,1
31989,MYS,Asia,Malaysia,32365998.0,0.8019999999999979,26808.16399999994,2020-04-12,4530.0,73.0,184.0,3.0,149.571,2.286,139.96200000000002,2.255,5.685,0.09300000000000001,4.621,0.071,16.74,260.942,29.9,71.6296784090913,1.9,76.16,56.9189426609171,77491.0,5594.0,2.394,0.17300000000000001,4850.0,0.15,32.426,0.1,1
31990,MYS,Asia,Malaysia,32365998.0,0.8019999999999979,26808.16399999994,2020-04-13,4683.0,76.0,153.0,3.0,145.857,2.1430000000000002,144.689,2.3480000000000003,4.727,0.09300000000000001,4.506,0.066,16.74,260.942,29.9,71.6296784090913,1.9,76.16,56.9189426609171,81730.0,4239.0,2.525,0.131,4896.0,0.151,33.567,0.1,1
31991,MYS,Asia,Malaysia,32365998.0,0.8019999999999979,26808.16399999994,2020-04-14,4817.0,77.0,134.0,1.0,146.286,2.1430000000000002,148.829,2.379,4.14,0.031,4.52,0.066,16.74,260.942,29.9,71.6296784090913,1.9,76.16,56.9189426609171,84791.0,3061.0,2.62,0.095,4615.0,0.14300000000000002,31.548000000000002,0.1,1
31992,MYS,Asia,Malaysia,32365998.0,0.8019999999999979,26808.16399999994,2020-04-15,4987.0,82.0,170.0,5.0,146.286,2.714,154.08100000000002,2.5340000000000003,5.252000000000001,0.154,4.52,0.084,16.74,260.942,29.9,71.6296784090913,1.9,76.16,56.9189426609171,87183.0,2392.0,2.694,0.07400000000000001,4135.0,0.128,28.267,0.1,1
31993,MYS,Asia,Malaysia,32365998.0,0.8019999999999979,26808.16399999994,2020-04-16,5072.0,83.0,85.0,1.0,136.143,2.571,156.708,2.5639999999999996,2.6260000000000003,0.031,4.206,0.079,16.74,260.942,29.9,71.6296784090913,1.9,76.16,56.9189426609171,0.0,0.0,0.0,0.0,4082.0,0.126,29.983,0.1,1
31994,MYS,Asia,Malaysia,32365998.0,0.8019999999999979,26808.16399999994,2020-04-17,5182.0,84.0,110.0,1.0,136.286,2.4290000000000003,160.106,2.595,3.3989999999999996,0.031,4.211,0.075,16.74,260.942,29.9,71.6296784090913,1.9,76.16,56.9189426609171,96695.0,0.0,2.988,0.0,4106.0,0.127,30.128,0.1,1
31995,MYS,Asia,Malaysia,32365998.0,0.8019999999999979,26808.16399999994,2020-04-18,5251.0,86.0,69.0,2.0,129.286,2.286,162.238,2.657,2.1319999999999997,0.062,3.9939999999999998,0.071,16.74,260.942,29.9,71.6296784090913,1.9,76.16,56.9189426609171,100794.0,4099.0,3.114,0.127,4128.0,0.128,31.929000000000002,0.1,1
31996,MYS,Asia,Malaysia,32365998.0,0.8019999999999979,26808.16399999994,2020-04-19,5305.0,88.0,54.0,2.0,110.714,2.1430000000000002,163.907,2.719,1.6680000000000001,0.062,3.4210000000000003,0.066,16.74,260.942,29.9,71.6296784090913,1.9,76.16,56.9189426609171,103892.0,3098.0,3.21,0.096,3772.0,0.11699999999999999,34.07,0.1,1
31997,MYS,Asia,Malaysia,32365998.0,0.8019999999999979,26808.16399999994,2020-04-20,5389.0,89.0,84.0,1.0,100.85700000000001,1.857,166.502,2.75,2.595,0.031,3.116,0.057,16.74,260.942,29.9,71.6296784090913,1.9,76.16,56.9189426609171,108216.0,4324.0,3.344,0.134,3784.0,0.11699999999999999,37.518,0.1,1
31998,MYS,Asia,Malaysia,32365998.0,0.8019999999999979,26808.16399999994,2020-04-21,5425.0,89.0,36.0,0.0,86.85700000000001,1.714,167.614,2.75,1.112,0.0,2.6839999999999997,0.053,16.74,260.942,29.9,71.6296784090913,1.9,76.16,56.9189426609171,0.0,0.0,0.0,0.0,3742.0,0.11599999999999999,43.082,0.1,1
31999,MYS,Asia,Malaysia,32365998.0,0.8019999999999979,26808.16399999994,2020-04-22,5482.0,92.0,57.0,3.0,70.714,1.429,169.375,2.842,1.761,0.09300000000000001,2.185,0.044000000000000004,16.74,260.942,29.9,71.6296784090913,1.9,76.16,56.9189426609171,113755.0,0.0,3.515,0.0,3796.0,0.11699999999999999,53.681000000000004,0.1,1
32000,MYS,Asia,Malaysia,32365998.0,0.8019999999999979,26808.16399999994,2020-04-23,5532.0,93.0,50.0,1.0,65.714,1.429,170.92,2.873,1.545,0.031,2.03,0.044000000000000004,16.74,260.942,29.9,71.6296784090913,1.9,76.16,56.9189426609171,117406.0,3651.0,3.627,0.113,3638.0,0.11199999999999999,55.361000000000004,0.1,1
32001,MYS,Asia,Malaysia,32365998.0,0.8019999999999979,26808.16399999994,2020-04-24,5603.0,95.0,71.0,2.0,60.143,1.571,173.114,2.935,2.194,0.062,1.858,0.049,16.74,260.942,29.9,71.6296784090913,1.9,76.16,56.9189426609171,121722.0,4316.0,3.761,0.133,3575.0,0.11,59.442,0.1,1
32002,MYS,Asia,Malaysia,32365998.0,0.8019999999999979,26808.16399999994,2020-04-25,5691.0,96.0,88.0,1.0,62.857,1.429,175.833,2.966,2.719,0.031,1.942,0.044000000000000004,16.74,260.942,29.9,71.6296784090913,1.9,76.16,56.9189426609171,126970.0,5248.0,3.923,0.162,3739.0,0.11599999999999999,59.483999999999995,0.1,1
32003,MYS,Asia,Malaysia,32365998.0,0.8019999999999979,26808.16399999994,2020-04-26,5742.0,98.0,51.0,2.0,62.428999999999995,1.429,177.408,3.028,1.5759999999999998,0.062,1.929,0.044000000000000004,16.74,260.942,29.9,71.6296784090913,1.9,76.16,56.9189426609171,131491.0,4521.0,4.063,0.14,3943.0,0.122,63.16,0.1,1
32004,MYS,Asia,Malaysia,32365998.0,0.8019999999999979,26808.16399999994,2020-04-27,5780.0,98.0,38.0,0.0,55.857,1.286,178.582,3.028,1.1740000000000002,0.0,1.726,0.04,16.74,260.942,29.9,71.6296784090913,1.9,76.16,56.9189426609171,138898.0,7407.0,4.291,0.22899999999999998,4383.0,0.135,78.468,0.1,1
32005,MYS,Asia,Malaysia,32365998.0,0.8019999999999979,26808.16399999994,2020-04-28,5820.0,99.0,40.0,1.0,56.428999999999995,1.429,179.81799999999998,3.0589999999999997,1.236,0.031,1.743,0.044000000000000004,16.74,260.942,29.9,71.6296784090913,1.9,76.16,56.9189426609171,146799.0,7901.0,4.5360000000000005,0.244,5116.0,0.158,90.663,0.1,1
32006,MYS,Asia,Malaysia,32365998.0,0.8019999999999979,26808.16399999994,2020-04-29,5851.0,100.0,31.0,1.0,52.714,1.143,180.77599999999998,3.09,0.958,0.031,1.629,0.035,16.74,260.942,29.9,71.6296784090913,1.9,76.16,56.9189426609171,154203.0,7404.0,4.763999999999999,0.22899999999999998,5778.0,0.179,109.61,0.1,1
32007,MYS,Asia,Malaysia,32365998.0,0.8019999999999979,26808.16399999994,2020-04-30,5945.0,100.0,94.0,0.0,59.0,1.0,183.68,3.09,2.904,0.0,1.8230000000000002,0.031,16.74,260.942,29.9,71.6296784090913,1.9,76.16,56.9189426609171,0.0,0.0,0.0,0.0,6298.0,0.195,106.74600000000001,0.1,1
32008,MYS,Asia,Malaysia,32365998.0,0.8019999999999979,26808.16399999994,2020-05-01,6002.0,102.0,57.0,2.0,57.0,1.0,185.442,3.1510000000000002,1.761,0.062,1.761,0.031,16.74,260.942,29.9,71.6296784090913,1.9,76.16,56.9189426609171,168784.0,0.0,5.215,0.0,6723.0,0.20800000000000002,117.947,0.1,1
32009,MYS,Asia,Malaysia,32365998.0,0.8019999999999979,26808.16399999994,2020-05-02,6071.0,103.0,69.0,1.0,54.286,1.0,187.57299999999998,3.182,2.1319999999999997,0.031,1.6769999999999998,0.031,16.74,260.942,29.9,71.6296784090913,1.9,76.16,56.9189426609171,184213.0,15429.0,5.692,0.47700000000000004,8178.0,0.253,150.64700000000002,0.1,1
32010,MYS,Asia,Malaysia,32365998.0,0.8019999999999979,26808.16399999994,2020-05-03,6176.0,103.0,105.0,0.0,62.0,0.7140000000000001,190.81799999999998,3.182,3.2439999999999998,0.0,1.916,0.022000000000000002,16.74,260.942,29.9,71.6296784090913,1.9,76.16,56.9189426609171,195833.0,11620.0,6.051,0.359,9192.0,0.284,148.25799999999998,0.1,1
32011,MYS,Asia,Malaysia,32365998.0,0.8019999999999979,26808.16399999994,2020-05-04,6298.0,105.0,122.0,2.0,74.0,1.0,194.58700000000002,3.2439999999999998,3.7689999999999997,0.062,2.286,0.031,16.74,260.942,29.9,71.6296784090913,1.9,76.16,56.9189426609171,205598.0,9765.0,6.352,0.302,9529.0,0.294,128.77,0.1,1
32012,MYS,Asia,Malaysia,32365998.0,0.8019999999999979,26808.16399999994,2020-05-05,6353.0,105.0,55.0,0.0,76.143,0.857,196.28599999999997,3.2439999999999998,1.699,0.0,2.353,0.026000000000000002,16.74,260.942,29.9,71.6296784090913,1.9,76.16,56.9189426609171,213220.0,7622.0,6.587999999999999,0.235,9489.0,0.293,124.62100000000001,0.1,1
32013,MYS,Asia,Malaysia,32365998.0,0.8019999999999979,26808.16399999994,2020-05-06,6383.0,106.0,30.0,1.0,76.0,0.857,197.213,3.275,0.927,0.031,2.3480000000000003,0.026000000000000002,16.74,260.942,29.9,71.6296784090913,1.9,76.16,56.9189426609171,222150.0,8930.0,6.864,0.276,9707.0,0.3,127.72399999999999,0.1,1
32014,MYS,Asia,Malaysia,32365998.0,0.8019999999999979,26808.16399999994,2020-05-07,6428.0,107.0,45.0,1.0,69.0,1.0,198.60299999999998,3.306,1.39,0.031,2.1319999999999997,0.031,16.74,260.942,29.9,71.6296784090913,1.9,76.16,56.9189426609171,231019.0,8869.0,7.138,0.27399999999999997,9932.0,0.307,143.942,0.1,1
32015,MYS,Asia,Malaysia,32365998.0,0.8019999999999979,26808.16399999994,2020-05-08,6467.0,107.0,39.0,0.0,66.429,0.7140000000000001,199.808,3.306,1.205,0.0,2.052,0.022000000000000002,16.74,260.942,29.9,71.6296784090913,1.9,76.16,56.9189426609171,239628.0,8609.0,7.404,0.266,10121.0,0.313,152.359,0.1,1
32016,MYS,Asia,Malaysia,32365998.0,0.8019999999999979,26808.16399999994,2020-05-09,6535.0,107.0,68.0,0.0,66.286,0.5710000000000001,201.90900000000002,3.306,2.101,0.0,2.048,0.018000000000000002,16.74,260.942,29.9,71.6296784090913,1.9,76.16,56.9189426609171,0.0,0.0,0.0,0.0,9153.0,0.28300000000000003,138.084,0.1,1
32017,MYS,Asia,Malaysia,32365998.0,0.8019999999999979,26808.16399999994,2020-05-10,6589.0,108.0,54.0,1.0,59.0,0.7140000000000001,203.578,3.3369999999999997,1.6680000000000001,0.031,1.8230000000000002,0.022000000000000002,16.74,260.942,29.9,71.6296784090913,1.9,76.16,56.9189426609171,256937.0,0.0,7.938,0.0,8729.0,0.27,147.94899999999998,0.1,1
32018,MYS,Asia,Malaysia,32365998.0,0.8019999999999979,26808.16399999994,2020-05-11,6656.0,108.0,67.0,0.0,51.143,0.429,205.648,3.3369999999999997,2.07,0.0,1.58,0.013000000000000001,16.74,260.942,29.9,71.6296784090913,1.9,76.16,56.9189426609171,266048.0,9111.0,8.22,0.281,8636.0,0.267,168.86,0.1,1
32019,MYS,Asia,Malaysia,32365998.0,0.8019999999999979,26808.16399999994,2020-05-12,6726.0,109.0,70.0,1.0,53.286,0.5710000000000001,207.81099999999998,3.3680000000000003,2.1630000000000003,0.031,1.646,0.018000000000000002,16.74,260.942,29.9,71.6296784090913,1.9,76.16,56.9189426609171,0.0,0.0,0.0,0.0,9037.0,0.27899999999999997,169.595,0.1,1
32020,MYS,Asia,Malaysia,32365998.0,0.8019999999999979,26808.16399999994,2020-05-13,6742.0,109.0,16.0,0.0,51.286,0.429,208.305,3.3680000000000003,0.494,0.0,1.585,0.013000000000000001,16.74,260.942,29.9,71.6296784090913,1.9,76.16,56.9189426609171,0.0,0.0,0.0,0.0,9252.0,0.28600000000000003,180.40099999999998,0.1,1
32021,MYS,Asia,Malaysia,32365998.0,0.8019999999999979,26808.16399999994,2020-05-14,6779.0,111.0,37.0,2.0,50.143,0.5710000000000001,209.44799999999998,3.43,1.143,0.062,1.5490000000000002,0.018000000000000002,16.74,260.942,29.9,71.6296784090913,1.9,76.16,56.9189426609171,297342.0,0.0,9.187000000000001,0.0,9475.0,0.293,188.96,0.1,1
32022,MYS,Asia,Malaysia,32365998.0,0.8019999999999979,26808.16399999994,2020-05-15,6819.0,112.0,40.0,1.0,50.286,0.7140000000000001,210.68400000000003,3.46,1.236,0.031,1.554,0.022000000000000002,16.74,260.942,29.9,71.6296784090913,1.9,76.16,56.9189426609171,424306.0,126964.0,13.11,3.923,26383.0,0.815,524.6619999999999,0.1,1
32023,MYS,Asia,Malaysia,32365998.0,0.8019999999999979,26808.16399999994,2020-05-16,6855.0,112.0,36.0,0.0,45.714,0.7140000000000001,211.796,3.46,1.112,0.0,1.412,0.022000000000000002,16.74,260.942,29.9,71.6296784090913,1.9,76.16,56.9189426609171,434136.0,9830.0,13.413,0.304,26550.0,0.82,580.781,0.1,1
32024,MYS,Asia,Malaysia,32365998.0,0.8019999999999979,26808.16399999994,2020-05-17,6872.0,113.0,17.0,1.0,40.429,0.7140000000000001,212.322,3.491,0.525,0.031,1.249,0.022000000000000002,16.74,260.942,29.9,71.6296784090913,1.9,76.16,56.9189426609171,443263.0,9127.0,13.695,0.282,26618.0,0.8220000000000001,658.3960000000001,0.1,1
32025,MYS,Asia,Malaysia,32365998.0,0.8019999999999979,26808.16399999994,2020-05-18,6894.0,113.0,22.0,0.0,34.0,0.7140000000000001,213.00099999999998,3.491,0.68,0.0,1.05,0.022000000000000002,16.74,260.942,29.9,71.6296784090913,1.9,76.16,56.9189426609171,0.0,0.0,0.0,0.0,26673.0,0.8240000000000001,784.5,0.1,1
32026,MYS,Asia,Malaysia,32365998.0,0.8019999999999979,26808.16399999994,2020-05-19,6941.0,113.0,47.0,0.0,30.714000000000002,0.5710000000000001,214.453,3.491,1.452,0.0,0.9490000000000001,0.018000000000000002,16.74,260.942,29.9,71.6296784090913,1.9,76.16,56.9189426609171,462257.0,0.0,14.282,0.0,26540.0,0.82,864.0930000000001,0.1,1
32027,MYS,Asia,Malaysia,32365998.0,0.8019999999999979,26808.16399999994,2020-05-20,6978.0,114.0,37.0,1.0,33.714,0.7140000000000001,215.597,3.522,1.143,0.031,1.042,0.022000000000000002,16.74,260.942,29.9,71.6296784090913,1.9,76.16,56.9189426609171,471318.0,9061.0,14.562000000000001,0.28,26344.0,0.8140000000000001,781.39,0.1,1
32028,MYS,Asia,Malaysia,32365998.0,0.8019999999999979,26808.16399999994,2020-05-21,7009.0,114.0,31.0,0.0,32.857,0.429,216.554,3.522,0.958,0.0,1.015,0.013000000000000001,16.74,260.942,29.9,71.6296784090913,1.9,76.16,56.9189426609171,481411.0,10093.0,14.874,0.312,26296.0,0.812,800.313,0.1,1
32029,MYS,Asia,Malaysia,32365998.0,0.8019999999999979,26808.16399999994,2020-05-22,7059.0,114.0,50.0,0.0,34.286,0.28600000000000003,218.09900000000002,3.522,1.545,0.0,1.0590000000000002,0.009000000000000001,16.74,260.942,29.9,71.6296784090913,1.9,76.16,56.9189426609171,491729.0,10318.0,15.193,0.319,9632.0,0.298,280.933,0.1,1
32030,MYS,Asia,Malaysia,32365998.0,0.8019999999999979,26808.16399999994,2020-05-23,7137.0,115.0,78.0,1.0,40.286,0.429,220.50900000000001,3.553,2.41,0.031,1.245,0.013000000000000001,16.74,260.942,29.9,71.6296784090913,1.9,76.16,56.9189426609171,500469.0,8740.0,15.463,0.27,9476.0,0.293,235.22,0.1,1
32031,MYS,Asia,Malaysia,32365998.0,0.8019999999999979,26808.16399999994,2020-05-24,7185.0,115.0,48.0,0.0,44.714,0.28600000000000003,221.99200000000002,3.553,1.483,0.0,1.382,0.009000000000000001,16.74,260.942,29.9,71.6296784090913,1.9,76.16,56.9189426609171,507682.0,7213.0,15.686,0.223,9203.0,0.284,205.81799999999998,0.1,1
32032,MYS,Asia,Malaysia,32365998.0,0.8019999999999979,26808.16399999994,2020-05-25,7245.0,115.0,60.0,0.0,50.143,0.28600000000000003,223.84599999999998,3.553,1.854,0.0,1.5490000000000002,0.009000000000000001,16.74,260.942,29.9,71.6296784090913,1.9,76.16,56.9189426609171,513370.0,5688.0,15.860999999999999,0.17600000000000002,8659.0,0.268,172.687,0.1,1
32033,MYS,Asia,Malaysia,32365998.0,0.8019999999999979,26808.16399999994,2020-05-26,7417.0,115.0,172.0,0.0,68.0,0.28600000000000003,229.16,3.553,5.314,0.0,2.101,0.009000000000000001,16.74,260.942,29.9,71.6296784090913,1.9,76.16,56.9189426609171,519944.0,6574.0,16.065,0.203,8241.0,0.255,121.191,0.1,1
32034,MYS,Asia,Malaysia,32365998.0,0.8019999999999979,26808.16399999994,2020-05-27,7604.0,115.0,187.0,0.0,89.429,0.14300000000000002,234.938,3.553,5.778,0.0,2.763,0.004,16.74,260.942,29.9,71.6296784090913,1.9,76.16,56.9189426609171,0.0,0.0,0.0,0.0,7701.0,0.23800000000000002,86.113,0.1,1
32035,MYS,Asia,Malaysia,32365998.0,0.8019999999999979,26808.16399999994,2020-05-28,7619.0,115.0,15.0,0.0,87.14299999999999,0.14300000000000002,235.40099999999998,3.553,0.46299999999999997,0.0,2.6919999999999997,0.004,16.74,260.942,29.9,71.6296784090913,1.9,76.16,56.9189426609171,530501.0,0.0,16.391,0.0,7013.0,0.217,80.477,0.1,1
32036,MYS,Asia,Malaysia,32365998.0,0.8019999999999979,26808.16399999994,2020-05-29,7629.0,115.0,10.0,0.0,81.429,0.14300000000000002,235.71,3.553,0.309,0.0,2.516,0.004,16.74,260.942,29.9,71.6296784090913,1.9,76.16,56.9189426609171,537894.0,7393.0,16.619,0.228,6595.0,0.204,80.991,0.1,1
32037,MYS,Asia,Malaysia,32365998.0,0.8019999999999979,26808.16399999994,2020-05-30,7732.0,115.0,103.0,0.0,85.0,0.0,238.893,3.553,3.182,0.0,2.6260000000000003,0.0,16.74,260.942,29.9,71.6296784090913,1.9,76.16,56.9189426609171,546368.0,8474.0,16.881,0.262,6557.0,0.203,77.141,0.1,1
32038,MYS,Asia,Malaysia,32365998.0,0.8019999999999979,26808.16399999994,2020-05-31,7762.0,115.0,30.0,0.0,82.429,0.0,239.82,3.553,0.927,0.0,2.5469999999999997,0.0,16.74,260.942,29.9,71.6296784090913,1.9,76.16,56.9189426609171,553183.0,6815.0,17.090999999999998,0.21100000000000002,6500.0,0.201,78.85600000000001,0.1,1
32039,MYS,Asia,Malaysia,32365998.0,0.8019999999999979,26808.16399999994,2020-06-01,7819.0,115.0,57.0,0.0,82.0,0.0,241.581,3.553,1.761,0.0,2.5340000000000003,0.0,16.74,260.942,29.9,71.6296784090913,1.9,76.16,56.9189426609171,560738.0,7555.0,17.325,0.233,6767.0,0.209,82.524,0.1,1
32040,MYS,Asia,Malaysia,32365998.0,0.8019999999999979,26808.16399999994,2020-06-02,7857.0,115.0,38.0,0.0,62.857,0.0,242.755,3.553,1.1740000000000002,0.0,1.942,0.0,16.74,260.942,29.9,71.6296784090913,1.9,76.16,56.9189426609171,567287.0,6549.0,17.527,0.20199999999999999,6763.0,0.209,107.59299999999999,0.1,1
32041,MYS,Asia,Malaysia,32365998.0,0.8019999999999979,26808.16399999994,2020-06-03,7877.0,115.0,20.0,0.0,39.0,0.0,243.373,3.553,0.618,0.0,1.205,0.0,16.74,260.942,29.9,71.6296784090913,1.9,76.16,56.9189426609171,575505.0,8218.0,17.781,0.254,7183.0,0.222,184.179,0.1,1
32042,MYS,Asia,Malaysia,32365998.0,0.8019999999999979,26808.16399999994,2020-06-04,7970.0,115.0,93.0,0.0,50.143,0.0,246.24599999999998,3.553,2.873,0.0,1.5490000000000002,0.0,16.74,260.942,29.9,71.6296784090913,1.9,76.16,56.9189426609171,582486.0,6981.0,17.997,0.21600000000000003,7426.0,0.22899999999999998,148.097,0.1,1
32043,MYS,Asia,Malaysia,32365998.0,0.8019999999999979,26808.16399999994,2020-06-05,7970.0,115.0,0.0,0.0,48.714,0.0,246.24599999999998,3.553,0.0,0.0,1.505,0.0,16.74,260.942,29.9,71.6296784090913,1.9,76.16,56.9189426609171,590613.0,8127.0,18.248,0.251,7531.0,0.233,154.595,0.1,1
32044,MYS,Asia,Malaysia,32365998.0,0.8019999999999979,26808.16399999994,2020-06-06,8266.0,116.0,296.0,1.0,76.286,0.14300000000000002,255.391,3.5839999999999996,9.145,0.031,2.3569999999999998,0.004,16.74,260.942,29.9,71.6296784090913,1.9,76.16,56.9189426609171,599454.0,8841.0,18.521,0.273,7584.0,0.23399999999999999,99.416,0.1,1
32045,MYS,Asia,Malaysia,32365998.0,0.8019999999999979,26808.16399999994,2020-06-07,8303.0,117.0,37.0,1.0,77.286,0.28600000000000003,256.535,3.615,1.143,0.031,2.388,0.009000000000000001,16.74,260.942,29.9,71.6296784090913,1.9,76.16,56.9189426609171,0.0,0.0,0.0,0.0,7666.0,0.237,99.19,0.1,1
32046,MYS,Asia,Malaysia,32365998.0,0.8019999999999979,26808.16399999994,2020-06-08,8322.0,117.0,19.0,0.0,71.857,0.28600000000000003,257.122,3.615,0.5870000000000001,0.0,2.22,0.009000000000000001,16.74,260.942,29.9,71.6296784090913,1.9,76.16,56.9189426609171,614239.0,0.0,18.977999999999998,0.0,7643.0,0.23600000000000002,106.36399999999999,0.1,1
32047,MYS,Asia,Malaysia,32365998.0,0.8019999999999979,26808.16399999994,2020-06-09,8329.0,117.0,7.0,0.0,67.429,0.28600000000000003,257.33799999999997,3.615,0.21600000000000003,0.0,2.083,0.009000000000000001,16.74,260.942,29.9,71.6296784090913,1.9,76.16,56.9189426609171,620320.0,6081.0,19.166,0.188,7576.0,0.23399999999999999,112.35600000000001,0.1,1
32048,MYS,Asia,Malaysia,32365998.0,0.8019999999999979,26808.16399999994,2020-06-10,8336.0,117.0,7.0,0.0,65.571,0.28600000000000003,257.55400000000003,3.615,0.21600000000000003,0.0,2.026,0.009000000000000001,16.74,260.942,29.9,71.6296784090913,1.9,76.16,56.9189426609171,625775.0,5455.0,19.334,0.16899999999999998,7181.0,0.222,109.514,0.1,1
32049,MYS,Asia,Malaysia,32365998.0,0.8019999999999979,26808.16399999994,2020-06-11,8338.0,118.0,2.0,1.0,52.571000000000005,0.429,257.616,3.6460000000000004,0.062,0.031,1.624,0.013000000000000001,16.74,260.942,29.9,71.6296784090913,1.9,76.16,56.9189426609171,631608.0,5833.0,19.515,0.18,7017.0,0.217,133.476,0.1,1
32050,MYS,Asia,Malaysia,32365998.0,0.8019999999999979,26808.16399999994,2020-06-12,8369.0,118.0,31.0,0.0,57.0,0.429,258.574,3.6460000000000004,0.958,0.0,1.761,0.013000000000000001,16.74,260.942,29.9,71.6296784090913,1.9,76.16,56.9189426609171,640680.0,9072.0,19.795,0.28,7152.0,0.221,125.47399999999999,0.1,1
32051,MYS,Asia,Malaysia,32365998.0,0.8019999999999979,26808.16399999994,2020-06-13,8402.0,119.0,33.0,1.0,19.429000000000002,0.429,259.593,3.677,1.02,0.031,0.6,0.013000000000000001,16.74,260.942,29.9,71.6296784090913,1.9,76.16,56.9189426609171,646055.0,5375.0,19.961,0.166,6657.0,0.20600000000000002,342.64,0.1,1
32052,MYS,Asia,Malaysia,32365998.0,0.8019999999999979,26808.16399999994,2020-06-14,8445.0,120.0,43.0,1.0,20.285999999999998,0.429,260.922,3.708,1.329,0.031,0.627,0.013000000000000001,16.74,260.942,29.9,71.6296784090913,1.9,76.16,56.9189426609171,651344.0,5289.0,20.124000000000002,0.163,6357.0,0.196,313.373,0.1,1
32053,MYS,Asia,Malaysia,32365998.0,0.8019999999999979,26808.16399999994,2020-06-15,8453.0,121.0,8.0,1.0,18.714000000000002,0.5710000000000001,261.16900000000004,3.738,0.247,0.031,0.578,0.018000000000000002,16.74,260.942,29.9,71.6296784090913,1.9,76.16,56.9189426609171,656210.0,4866.0,20.275,0.15,5996.0,0.185,320.397,0.1,1
32054,MYS,Asia,Malaysia,32365998.0,0.8019999999999979,26808.16399999994,2020-06-16,8494.0,121.0,41.0,0.0,23.570999999999998,0.5710000000000001,262.436,3.738,1.2670000000000001,0.0,0.728,0.018000000000000002,16.74,260.942,29.9,71.6296784090913,1.9,76.16,56.9189426609171,659632.0,3422.0,20.38,0.106,5616.0,0.174,238.255,0.1,1
32055,MYS,Asia,Malaysia,32365998.0,0.8019999999999979,26808.16399999994,2020-06-17,8505.0,121.0,11.0,0.0,24.143,0.5710000000000001,262.776,3.738,0.34,0.0,0.746,0.018000000000000002,16.74,260.942,29.9,71.6296784090913,1.9,76.16,56.9189426609171,664334.0,4702.0,20.526,0.145,5508.0,0.17,228.142,0.1,1
32056,MYS,Asia,Malaysia,32365998.0,0.8019999999999979,26808.16399999994,2020-06-18,8515.0,121.0,10.0,0.0,25.285999999999998,0.429,263.085,3.738,0.309,0.0,0.7809999999999999,0.013000000000000001,16.74,260.942,29.9,71.6296784090913,1.9,76.16,56.9189426609171,669589.0,5255.0,20.688000000000002,0.162,5426.0,0.168,214.588,0.1,1
32057,MYS,Asia,Malaysia,32365998.0,0.8019999999999979,26808.16399999994,2020-06-19,8529.0,121.0,14.0,0.0,22.857,0.429,263.517,3.738,0.433,0.0,0.706,0.013000000000000001,16.74,260.942,29.9,71.6296784090913,1.9,76.16,56.9189426609171,674551.0,4962.0,20.840999999999998,0.153,4839.0,0.15,211.706,0.1,1
32058,MYS,Asia,Malaysia,32365998.0,0.8019999999999979,26808.16399999994,2020-06-20,8535.0,121.0,6.0,0.0,19.0,0.28600000000000003,263.703,3.738,0.185,0.0,0.5870000000000001,0.009000000000000001,16.74,260.942,29.9,71.6296784090913,1.9,76.16,56.9189426609171,679826.0,5275.0,21.004,0.163,4824.0,0.149,253.895,0.1,1
32059,MYS,Asia,Malaysia,32365998.0,0.8019999999999979,26808.16399999994,2020-06-21,8556.0,121.0,21.0,0.0,15.857000000000001,0.14300000000000002,264.351,3.738,0.649,0.0,0.49,0.004,16.74,260.942,29.9,71.6296784090913,1.9,76.16,56.9189426609171,683968.0,4142.0,21.131999999999998,0.128,4661.0,0.14400000000000002,293.937,0.1,1
32060,MYS,Asia,Malaysia,32365998.0,0.8019999999999979,26808.16399999994,2020-06-22,8572.0,121.0,16.0,0.0,17.0,0.0,264.846,3.738,0.494,0.0,0.525,0.0,16.74,260.942,29.9,71.6296784090913,1.9,76.16,56.9189426609171,686905.0,2937.0,21.223000000000003,0.091,4385.0,0.135,257.941,0.1,1
32061,MYS,Asia,Malaysia,32365998.0,0.8019999999999979,26808.16399999994,2020-06-23,8587.0,121.0,15.0,0.0,13.286,0.0,265.309,3.738,0.46299999999999997,0.0,0.41,0.0,16.74,260.942,29.9,71.6296784090913,1.9,76.16,56.9189426609171,693603.0,6698.0,21.43,0.207,4853.0,0.15,365.28,0.1,1
32062,MYS,Asia,Malaysia,32365998.0,0.8019999999999979,26808.16399999994,2020-06-24,8590.0,121.0,3.0,0.0,12.142999999999999,0.0,265.402,3.738,0.09300000000000001,0.0,0.375,0.0,16.74,260.942,29.9,71.6296784090913,1.9,76.16,56.9189426609171,704336.0,10733.0,21.761999999999997,0.332,5715.0,0.177,470.647,0.1,1
32063,MYS,Asia,Malaysia,32365998.0,0.8019999999999979,26808.16399999994,2020-06-25,8596.0,121.0,6.0,0.0,11.571,0.0,265.587,3.738,0.185,0.0,0.358,0.0,16.74,260.942,29.9,71.6296784090913,1.9,76.16,56.9189426609171,716178.0,11842.0,22.127,0.366,6656.0,0.20600000000000002,575.21,0.1,1
32064,MYS,Asia,Malaysia,32365998.0,0.8019999999999979,26808.16399999994,2020-06-26,8600.0,121.0,4.0,0.0,10.142999999999999,0.0,265.711,3.738,0.124,0.0,0.313,0.0,16.74,260.942,29.9,71.6296784090913,1.9,76.16,56.9189426609171,729116.0,12938.0,22.526999999999997,0.4,7795.0,0.24100000000000002,768.5210000000001,0.1,1
32065,MYS,Asia,Malaysia,32365998.0,0.8019999999999979,26808.16399999994,2020-06-27,8606.0,121.0,6.0,0.0,10.142999999999999,0.0,265.89599999999996,3.738,0.185,0.0,0.313,0.0,16.74,260.942,29.9,71.6296784090913,1.9,76.16,56.9189426609171,739458.0,10342.0,22.846999999999998,0.32,8519.0,0.263,839.9010000000001,0.1,1
32066,MYS,Asia,Malaysia,32365998.0,0.8019999999999979,26808.16399999994,2020-06-28,8616.0,121.0,10.0,0.0,8.571,0.0,266.205,3.738,0.309,0.0,0.265,0.0,16.74,260.942,29.9,71.6296784090913,1.9,76.16,56.9189426609171,749950.0,10492.0,23.171,0.324,9426.0,0.29100000000000004,1099.7,0.1,1
32067,MYS,Asia,Malaysia,32365998.0,0.8019999999999979,26808.16399999994,2020-06-29,8634.0,121.0,18.0,0.0,8.857000000000001,0.0,266.76099999999997,3.738,0.556,0.0,0.27399999999999997,0.0,16.74,260.942,29.9,71.6296784090913,1.9,76.16,56.9189426609171,756171.0,6221.0,23.363000000000003,0.192,9895.0,0.306,1117.177,0.1,1
32068,MYS,Asia,Malaysia,32365998.0,0.8019999999999979,26808.16399999994,2020-06-30,8637.0,121.0,3.0,0.0,7.143,0.0,266.85400000000004,3.738,0.09300000000000001,0.0,0.221,0.0,16.74,260.942,29.9,71.6296784090913,1.9,76.16,56.9189426609171,764999.0,8828.0,23.636,0.273,10199.0,0.315,1427.86,0.1,1
32069,MYS,Asia,Malaysia,32365998.0,0.8019999999999979,26808.16399999994,2020-07-01,8639.0,121.0,2.0,0.0,7.0,0.0,266.916,3.738,0.062,0.0,0.21600000000000003,0.0,16.74,260.942,29.9,71.6296784090913,1.9,76.16,56.9189426609171,773911.0,8912.0,23.910999999999998,0.275,9939.0,0.307,1419.8570000000002,0.1,1
32070,MYS,Asia,Malaysia,32365998.0,0.8019999999999979,26808.16399999994,2020-07-02,8640.0,121.0,1.0,0.0,6.2860000000000005,0.0,266.947,3.738,0.031,0.0,0.19399999999999998,0.0,16.74,260.942,29.9,71.6296784090913,1.9,76.16,56.9189426609171,782638.0,8727.0,24.180999999999997,0.27,9494.0,0.293,1510.4089999999999,0.1,1
32071,MYS,Asia,Malaysia,32365998.0,0.8019999999999979,26808.16399999994,2020-07-03,8643.0,121.0,3.0,0.0,6.143,0.0,267.04,3.738,0.09300000000000001,0.0,0.19,0.0,16.74,260.942,29.9,71.6296784090913,1.9,76.16,56.9189426609171,790859.0,8221.0,24.435,0.254,8820.0,0.273,1435.8139999999999,0.1,1
32072,MYS,Asia,Malaysia,32365998.0,0.8019999999999979,26808.16399999994,2020-07-04,8648.0,121.0,5.0,0.0,6.0,0.0,267.194,3.738,0.154,0.0,0.185,0.0,16.74,260.942,29.9,71.6296784090913,1.9,76.16,56.9189426609171,797796.0,6937.0,24.649,0.214,8334.0,0.257,1389.0,0.1,1
32073,MYS,Asia,Malaysia,32365998.0,0.8019999999999979,26808.16399999994,2020-07-05,8658.0,121.0,10.0,0.0,6.0,0.0,267.503,3.738,0.309,0.0,0.185,0.0,16.74,260.942,29.9,71.6296784090913,1.9,76.16,56.9189426609171,804518.0,6722.0,24.857,0.20800000000000002,7795.0,0.24100000000000002,1299.167,0.1,1
32074,MYS,Asia,Malaysia,32365998.0,0.8019999999999979,26808.16399999994,2020-07-06,8658.0,121.0,0.0,0.0,3.429,0.0,267.503,3.738,0.0,0.0,0.106,0.0,16.74,260.942,29.9,71.6296784090913,1.9,76.16,56.9189426609171,810057.0,5539.0,25.028000000000002,0.171,7698.0,0.23800000000000002,2245.25,0.1,1
32075,MYS,Asia,Malaysia,32365998.0,0.8019999999999979,26808.16399999994,2020-07-07,8668.0,121.0,10.0,0.0,4.428999999999999,0.0,267.812,3.738,0.309,0.0,0.13699999999999998,0.0,16.74,260.942,29.9,71.6296784090913,1.9,76.16,56.9189426609171,816118.0,6061.0,25.215,0.187,7303.0,0.226,1649.065,0.1,1
32076,MYS,Asia,Malaysia,32365998.0,0.8019999999999979,26808.16399999994,2020-07-08,8674.0,121.0,6.0,0.0,5.0,0.0,267.997,3.738,0.185,0.0,0.154,0.0,16.74,260.942,29.9,71.6296784090913,1.9,76.16,56.9189426609171,822646.0,6528.0,25.416999999999998,0.20199999999999999,6962.0,0.215,1392.4,0.1,1
32077,MYS,Asia,Malaysia,32365998.0,0.8019999999999979,26808.16399999994,2020-07-09,8677.0,121.0,3.0,0.0,5.2860000000000005,0.0,268.09,3.738,0.09300000000000001,0.0,0.163,0.0,16.74,260.942,29.9,71.6296784090913,1.9,76.16,56.9189426609171,829988.0,7342.0,25.644000000000002,0.22699999999999998,6764.0,0.209,1279.6760000000002,0.1,1
32078,MYS,Asia,Malaysia,32365998.0,0.8019999999999979,26808.16399999994,2020-07-10,8683.0,121.0,6.0,0.0,5.7139999999999995,0.0,268.275,3.738,0.185,0.0,0.177,0.0,16.74,260.942,29.9,71.6296784090913,1.9,76.16,56.9189426609171,836255.0,6267.0,25.837,0.19399999999999998,6485.0,0.2,1134.875,0.1,1
32079,MYS,Asia,Malaysia,32365998.0,0.8019999999999979,26808.16399999994,2020-07-11,8696.0,121.0,13.0,0.0,6.857,0.0,268.677,3.738,0.402,0.0,0.212,0.0,16.74,260.942,29.9,71.6296784090913,1.9,76.16,56.9189426609171,842476.0,6221.0,26.03,0.192,6383.0,0.19699999999999998,930.8539999999999,0.1,1
32080,MYS,Asia,Malaysia,32365998.0,0.8019999999999979,26808.16399999994,2020-07-12,8704.0,122.0,8.0,1.0,6.571000000000001,0.14300000000000002,268.92400000000004,3.7689999999999997,0.247,0.031,0.203,0.004,16.74,260.942,29.9,71.6296784090913,1.9,76.16,56.9189426609171,847510.0,5034.0,26.185,0.156,6142.0,0.19,934.6519999999999,0.1,1
32081,MYS,Asia,Malaysia,32365998.0,0.8019999999999979,26808.16399999994,2020-07-13,8718.0,122.0,14.0,0.0,8.571,0.14300000000000002,269.357,3.7689999999999997,0.433,0.0,0.265,0.004,16.74,260.942,29.9,71.6296784090913,1.9,76.16,56.9189426609171,850423.0,2913.0,26.275,0.09,5767.0,0.17800000000000002,672.817,0.1,1
32082,MYS,Asia,Malaysia,32365998.0,0.8019999999999979,26808.16399999994,2020-07-14,8725.0,122.0,7.0,0.0,8.142999999999999,0.14300000000000002,269.573,3.7689999999999997,0.21600000000000003,0.0,0.252,0.004,16.74,260.942,29.9,71.6296784090913,1.9,76.16,56.9189426609171,855119.0,4696.0,26.42,0.145,5572.0,0.172,684.2810000000001,0.1,1
32083,MYS,Asia,Malaysia,32365998.0,0.8019999999999979,26808.16399999994,2020-07-15,8729.0,122.0,4.0,0.0,7.857,0.14300000000000002,269.697,3.7689999999999997,0.124,0.0,0.243,0.004,16.74,260.942,29.9,71.6296784090913,1.9,76.16,56.9189426609171,861896.0,6777.0,26.63,0.209,5607.0,0.17300000000000001,713.618,0.1,1
32084,MYS,Asia,Malaysia,32365998.0,0.8019999999999979,26808.16399999994,2020-07-16,8734.0,122.0,5.0,0.0,8.142999999999999,0.14300000000000002,269.851,3.7689999999999997,0.154,0.0,0.252,0.004,16.74,260.942,29.9,71.6296784090913,1.9,76.16,56.9189426609171,868394.0,6498.0,26.83,0.201,5487.0,0.17,673.842,0.1,1
32085,MYS,Asia,Malaysia,32365998.0,0.8019999999999979,26808.16399999994,2020-07-17,8737.0,122.0,3.0,0.0,7.7139999999999995,0.14300000000000002,269.944,3.7689999999999997,0.09300000000000001,0.0,0.23800000000000002,0.004,16.74,260.942,29.9,71.6296784090913,1.9,76.16,56.9189426609171,876222.0,7828.0,27.072,0.242,5710.0,0.17600000000000002,740.185,0.1,1
32086,MYS,Asia,Malaysia,32365998.0,0.8019999999999979,26808.16399999994,2020-07-18,8755.0,122.0,18.0,0.0,8.429,0.14300000000000002,270.5,3.7689999999999997,0.556,0.0,0.26,0.004,16.74,260.942,29.9,71.6296784090913,1.9,76.16,56.9189426609171,884170.0,7948.0,27.318,0.24600000000000002,5956.0,0.184,706.6439999999999,0.1,1
32087,MYS,Asia,Malaysia,32365998.0,0.8019999999999979,26808.16399999994,2020-07-19,8764.0,122.0,9.0,0.0,8.571,0.0,270.778,3.7689999999999997,0.278,0.0,0.265,0.0,16.74,260.942,29.9,71.6296784090913,1.9,76.16,56.9189426609171,889744.0,5574.0,27.49,0.172,6033.0,0.18600000000000003,703.85,0.1,1
32088,MYS,Asia,Malaysia,32365998.0,0.8019999999999979,26808.16399999994,2020-07-20,8779.0,123.0,15.0,1.0,8.714,0.14300000000000002,271.241,3.8,0.46299999999999997,0.031,0.26899999999999996,0.004,16.74,260.942,29.9,71.6296784090913,1.9,76.16,56.9189426609171,895758.0,6014.0,27.676,0.18600000000000003,6476.0,0.2,743.148,0.1,1
32089,MYS,Asia,Malaysia,32365998.0,0.8019999999999979,26808.16399999994,2020-07-21,8800.0,123.0,21.0,0.0,10.714,0.14300000000000002,271.89,3.8,0.649,0.0,0.331,0.004,16.74,260.942,29.9,71.6296784090913,1.9,76.16,56.9189426609171,902439.0,6681.0,27.881999999999998,0.20600000000000002,6760.0,0.209,630.933,0.1,1
32090,MYS,Asia,Malaysia,32365998.0,0.8019999999999979,26808.16399999994,2020-07-22,8815.0,123.0,15.0,0.0,12.286,0.14300000000000002,272.35400000000004,3.8,0.46299999999999997,0.0,0.38,0.004,16.74,260.942,29.9,71.6296784090913,1.9,76.16,56.9189426609171,909627.0,7188.0,28.104,0.222,6819.0,0.21100000000000002,555.035,0.1,1
32091,MYS,Asia,Malaysia,32365998.0,0.8019999999999979,26808.16399999994,2020-07-23,8831.0,123.0,16.0,0.0,13.857000000000001,0.14300000000000002,272.848,3.8,0.494,0.0,0.428,0.004,16.74,260.942,29.9,71.6296784090913,1.9,76.16,56.9189426609171,916340.0,6713.0,28.311999999999998,0.207,6849.0,0.212,494.25800000000004,0.1,1
32092,MYS,Asia,Malaysia,32365998.0,0.8019999999999979,26808.16399999994,2020-07-24,8840.0,123.0,9.0,0.0,14.714,0.14300000000000002,273.126,3.8,0.278,0.0,0.455,0.004,16.74,260.942,29.9,71.6296784090913,1.9,76.16,56.9189426609171,925188.0,8848.0,28.585,0.273,6995.0,0.21600000000000003,475.38800000000003,0.1,1
32093,MYS,Asia,Malaysia,32365998.0,0.8019999999999979,26808.16399999994,2020-07-25,8861.0,123.0,21.0,0.0,15.142999999999999,0.14300000000000002,273.775,3.8,0.649,0.0,0.46799999999999997,0.004,16.74,260.942,29.9,71.6296784090913,1.9,76.16,56.9189426609171,932397.0,7209.0,28.808000000000003,0.223,6890.0,0.213,455.0,0.1,1
32094,MYS,Asia,Malaysia,32365998.0,0.8019999999999979,26808.16399999994,2020-07-26,8884.0,123.0,23.0,0.0,17.143,0.14300000000000002,274.486,3.8,0.711,0.0,0.53,0.004,16.74,260.942,29.9,71.6296784090913,1.9,76.16,56.9189426609171,937645.0,5248.0,28.97,0.162,6843.0,0.21100000000000002,399.175,0.1,1
32095,MYS,Asia,Malaysia,32365998.0,0.8019999999999979,26808.16399999994,2020-07-27,8897.0,124.0,13.0,1.0,16.857,0.14300000000000002,274.887,3.8310000000000004,0.402,0.031,0.521,0.004,16.74,260.942,29.9,71.6296784090913,1.9,76.16,56.9189426609171,943244.0,5599.0,29.143,0.17300000000000001,6784.0,0.21,402.441,0.1,1
32096,MYS,Asia,Malaysia,32365998.0,0.8019999999999979,26808.16399999994,2020-07-28,8904.0,124.0,7.0,0.0,14.857000000000001,0.14300000000000002,275.10400000000004,3.8310000000000004,0.21600000000000003,0.0,0.45899999999999996,0.004,16.74,260.942,29.9,71.6296784090913,1.9,76.16,56.9189426609171,949141.0,5897.0,29.325,0.182,6672.0,0.20600000000000002,449.077,0.1,1
32097,MYS,Asia,Malaysia,32365998.0,0.8019999999999979,26808.16399999994,2020-07-29,8943.0,124.0,39.0,0.0,18.285999999999998,0.14300000000000002,276.308,3.8310000000000004,1.205,0.0,0.565,0.004,16.74,260.942,29.9,71.6296784090913,1.9,76.16,56.9189426609171,955133.0,5992.0,29.51,0.185,6501.0,0.201,355.523,0.1,1
32098,MYS,Asia,Malaysia,32365998.0,0.8019999999999979,26808.16399999994,2020-07-30,8956.0,124.0,13.0,0.0,17.857,0.14300000000000002,276.71,3.8310000000000004,0.402,0.0,0.552,0.004,16.74,260.942,29.9,71.6296784090913,1.9,76.16,56.9189426609171,963079.0,7946.0,29.756,0.24600000000000002,6677.0,0.20600000000000002,373.912,0.1,1
32099,MYS,Asia,Malaysia,32365998.0,0.8019999999999979,26808.16399999994,2020-07-31,8964.0,124.0,8.0,0.0,17.714000000000002,0.14300000000000002,276.957,3.8310000000000004,0.247,0.0,0.547,0.004,16.74,260.942,29.9,71.6296784090913,1.9,76.16,56.9189426609171,970644.0,7565.0,29.99,0.23399999999999999,6494.0,0.201,366.597,0.1,1
32100,MYS,Asia,Malaysia,32365998.0,0.8019999999999979,26808.16399999994,2020-08-01,8976.0,125.0,12.0,1.0,16.429000000000002,0.28600000000000003,277.328,3.862,0.371,0.031,0.508,0.009000000000000001,16.74,260.942,29.9,71.6296784090913,1.9,76.16,56.9189426609171,974674.0,4030.0,30.114,0.125,6040.0,0.187,367.652,0.1,1
32101,MYS,Asia,Malaysia,32365998.0,0.8019999999999979,26808.16399999994,2020-08-02,8985.0,125.0,9.0,0.0,14.429,0.28600000000000003,277.606,3.862,0.278,0.0,0.446,0.009000000000000001,16.74,260.942,29.9,71.6296784090913,1.9,76.16,56.9189426609171,979178.0,4504.0,30.253,0.139,5933.0,0.183,411.19800000000004,0.1,1
32102,MYS,Asia,Malaysia,32365998.0,0.8019999999999979,26808.16399999994,2020-08-03,8999.0,125.0,14.0,0.0,14.571,0.14300000000000002,278.039,3.862,0.433,0.0,0.45,0.004,16.74,260.942,29.9,71.6296784090913,1.9,76.16,56.9189426609171,983297.0,4119.0,30.381,0.127,5722.0,0.177,392.686,0.1,1
32103,MYS,Asia,Malaysia,32365998.0,0.8019999999999979,26808.16399999994,2020-08-04,9001.0,125.0,2.0,0.0,13.857000000000001,0.14300000000000002,278.1,3.862,0.062,0.0,0.428,0.004,16.74,260.942,29.9,71.6296784090913,1.9,76.16,56.9189426609171,991333.0,8036.0,30.629,0.248,6027.0,0.18600000000000003,434.93800000000005,0.1,1
32104,MYS,Asia,Malaysia,32365998.0,0.8019999999999979,26808.16399999994,2020-08-05,9002.0,125.0,1.0,0.0,8.429,0.14300000000000002,278.131,3.862,0.031,0.0,0.26,0.004,16.74,260.942,29.9,71.6296784090913,1.9,76.16,56.9189426609171,1001090.0,9757.0,30.93,0.301,6565.0,0.203,778.898,0.1,1
32105,MYS,Asia,Malaysia,32365998.0,0.8019999999999979,26808.16399999994,2020-08-06,9023.0,125.0,21.0,0.0,9.571,0.14300000000000002,278.78,3.862,0.649,0.0,0.29600000000000004,0.004,16.74,260.942,29.9,71.6296784090913,1.9,76.16,56.9189426609171,1012660.0,11570.0,31.288,0.35700000000000004,7083.0,0.21899999999999997,740.015,0.1,1
32106,MYS,Asia,Malaysia,32365998.0,0.8019999999999979,26808.16399999994,2020-08-07,9038.0,125.0,15.0,0.0,10.571,0.14300000000000002,279.244,3.862,0.46299999999999997,0.0,0.327,0.004,16.74,260.942,29.9,71.6296784090913,1.9,76.16,56.9189426609171,1024719.0,12059.0,31.66,0.373,7725.0,0.239,730.743,0.1,1
32107,MYS,Asia,Malaysia,32365998.0,0.8019999999999979,26808.16399999994,2020-08-08,9063.0,125.0,25.0,0.0,12.429,0.0,280.01599999999996,3.862,0.772,0.0,0.384,0.0,16.74,260.942,29.9,71.6296784090913,1.9,76.16,56.9189426609171,1036339.0,11620.0,32.019,0.359,8809.0,0.272,708.77,0.1,1
32108,MYS,Asia,Malaysia,32365998.0,0.8019999999999979,26808.16399999994,2020-08-09,9070.0,125.0,7.0,0.0,12.142999999999999,0.0,280.232,3.862,0.21600000000000003,0.0,0.375,0.0,16.74,260.942,29.9,71.6296784090913,1.9,76.16,56.9189426609171,1045976.0,9637.0,32.317,0.298,9543.0,0.295,785.8939999999999,0.1,1
32109,MYS,Asia,Malaysia,32365998.0,0.8019999999999979,26808.16399999994,2020-08-10,9083.0,125.0,13.0,0.0,12.0,0.0,280.634,3.862,0.402,0.0,0.371,0.0,16.74,260.942,29.9,71.6296784090913,1.9,76.16,56.9189426609171,1053531.0,7555.0,32.551,0.233,10033.0,0.31,836.0830000000001,0.1,1
32110,MYS,Asia,Malaysia,32365998.0,0.8019999999999979,26808.16399999994,2020-08-11,9094.0,125.0,11.0,0.0,13.286,0.0,280.974,3.862,0.34,0.0,0.41,0.0,16.74,260.942,29.9,71.6296784090913,1.9,76.16,56.9189426609171,1063304.0,9773.0,32.853,0.302,10282.0,0.318,773.914,0.1,1
32111,MYS,Asia,Malaysia,32365998.0,0.8019999999999979,26808.16399999994,2020-08-12,9103.0,125.0,9.0,0.0,14.429,0.0,281.252,3.862,0.278,0.0,0.446,0.0,16.74,260.942,29.9,71.6296784090913,1.9,76.16,56.9189426609171,1074020.0,10716.0,33.184,0.331,10419.0,0.322,722.1089999999999,0.1,1
32112,MYS,Asia,Malaysia,32365998.0,0.8019999999999979,26808.16399999994,2020-08-13,9114.0,125.0,11.0,0.0,13.0,0.0,281.592,3.862,0.34,0.0,0.402,0.0,16.74,260.942,29.9,71.6296784090913,1.9,76.16,56.9189426609171,1085040.0,11020.0,33.524,0.34,10340.0,0.319,795.385,0.1,1
32113,MYS,Asia,Malaysia,32365998.0,0.8019999999999979,26808.16399999994,2020-08-14,9129.0,125.0,15.0,0.0,13.0,0.0,282.055,3.862,0.46299999999999997,0.0,0.402,0.0,16.74,260.942,29.9,71.6296784090913,1.9,76.16,56.9189426609171,1095768.0,10728.0,33.856,0.331,10150.0,0.314,780.7689999999999,0.1,1
32114,MYS,Asia,Malaysia,32365998.0,0.8019999999999979,26808.16399999994,2020-08-15,9149.0,125.0,20.0,0.0,12.286,0.0,282.673,3.862,0.618,0.0,0.38,0.0,16.74,260.942,29.9,71.6296784090913,1.9,76.16,56.9189426609171,1106217.0,10449.0,34.178000000000004,0.32299999999999995,9983.0,0.308,812.57,0.1,1
32115,MYS,Asia,Malaysia,32365998.0,0.8019999999999979,26808.16399999994,2020-08-16,9175.0,125.0,26.0,0.0,15.0,0.0,283.47700000000003,3.862,0.8029999999999999,0.0,0.46299999999999997,0.0,16.74,260.942,29.9,71.6296784090913,1.9,76.16,56.9189426609171,1114246.0,8029.0,34.426,0.248,9753.0,0.301,650.2,0.1,1
32116,MYS,Asia,Malaysia,32365998.0,0.8019999999999979,26808.16399999994,2020-08-17,9200.0,125.0,25.0,0.0,16.714000000000002,0.0,284.249,3.862,0.772,0.0,0.516,0.0,16.74,260.942,29.9,71.6296784090913,1.9,76.16,56.9189426609171,1120666.0,6420.0,34.625,0.198,9591.0,0.29600000000000004,573.821,0.1,1
32117,MYS,Asia,Malaysia,32365998.0,0.8019999999999979,26808.16399999994,2020-08-18,9212.0,125.0,12.0,0.0,16.857,0.0,284.62,3.862,0.371,0.0,0.521,0.0,16.74,260.942,29.9,71.6296784090913,1.9,76.16,56.9189426609171,1129091.0,8425.0,34.885,0.26,9398.0,0.29,557.508,0.1,1
32118,MYS,Asia,Malaysia,32365998.0,0.8019999999999979,26808.16399999994,2020-08-19,9219.0,125.0,7.0,0.0,16.570999999999998,0.0,284.836,3.862,0.21600000000000003,0.0,0.512,0.0,16.74,260.942,29.9,71.6296784090913,1.9,76.16,56.9189426609171,1141679.0,12588.0,35.274,0.389,9666.0,0.299,583.293,0.1,1
32119,MYS,Asia,Malaysia,32365998.0,0.8019999999999979,26808.16399999994,2020-08-20,9235.0,125.0,16.0,0.0,17.285999999999998,0.0,285.33,3.862,0.494,0.0,0.534,0.0,16.74,260.942,29.9,71.6296784090913,1.9,76.16,56.9189426609171,1152140.0,10461.0,35.597,0.32299999999999995,9586.0,0.29600000000000004,554.562,0.1,1
32120,MYS,Asia,Malaysia,32365998.0,0.8019999999999979,26808.16399999994,2020-08-21,9240.0,125.0,5.0,0.0,15.857000000000001,0.0,285.485,3.862,0.154,0.0,0.49,0.0,16.74,260.942,29.9,71.6296784090913,1.9,76.16,56.9189426609171,1160390.0,8250.0,35.852,0.255,9232.0,0.285,582.198,0.1,1
32121,MYS,Asia,Malaysia,32365998.0,0.8019999999999979,26808.16399999994,2020-08-22,9249.0,125.0,9.0,0.0,14.286,0.0,285.763,3.862,0.278,0.0,0.441,0.0,16.74,260.942,29.9,71.6296784090913,1.9,76.16,56.9189426609171,1167949.0,7559.0,36.086,0.23399999999999999,8819.0,0.272,617.33,0.1,1
32122,MYS,Asia,Malaysia,32365998.0,0.8019999999999979,26808.16399999994,2020-08-23,9257.0,125.0,8.0,0.0,11.714,0.0,286.01,3.862,0.247,0.0,0.36200000000000004,0.0,16.74,260.942,29.9,71.6296784090913,1.9,76.16,56.9189426609171,1176416.0,8467.0,36.347,0.262,8881.0,0.27399999999999997,758.1339999999999,0.1,1
32123,MYS,Asia,Malaysia,32365998.0,0.8019999999999979,26808.16399999994,2020-08-24,9267.0,125.0,10.0,0.0,9.571,0.0,286.319,3.862,0.309,0.0,0.29600000000000004,0.0,16.74,260.942,29.9,71.6296784090913,1.9,76.16,56.9189426609171,1182845.0,6429.0,36.546,0.19899999999999998,8883.0,0.27399999999999997,928.075,0.1,1
32124,MYS,Asia,Malaysia,32365998.0,0.8019999999999979,26808.16399999994,2020-08-25,9274.0,125.0,7.0,0.0,8.857000000000001,0.0,286.535,3.862,0.21600000000000003,0.0,0.27399999999999997,0.0,16.74,260.942,29.9,71.6296784090913,1.9,76.16,56.9189426609171,1191500.0,8655.0,36.813,0.267,8916.0,0.275,1006.645,0.1,1
32125,MYS,Asia,Malaysia,32365998.0,0.8019999999999979,26808.16399999994,2020-08-26,9285.0,125.0,11.0,0.0,9.429,0.0,286.875,3.862,0.34,0.0,0.29100000000000004,0.0,16.74,260.942,29.9,71.6296784090913,1.9,76.16,56.9189426609171,1202764.0,11264.0,37.161,0.348,8726.0,0.27,925.485,0.1,1
32126,MYS,Asia,Malaysia,32365998.0,0.8019999999999979,26808.16399999994,2020-08-27,9291.0,125.0,6.0,0.0,8.0,0.0,287.061,3.862,0.185,0.0,0.247,0.0,16.74,260.942,29.9,71.6296784090913,1.9,76.16,56.9189426609171,1212790.0,10026.0,37.471,0.31,8664.0,0.268,1083.0,0.1,1
32127,MYS,Asia,Malaysia,32365998.0,0.8019999999999979,26808.16399999994,2020-08-28,9296.0,125.0,5.0,0.0,8.0,0.0,287.215,3.862,0.154,0.0,0.247,0.0,16.74,260.942,29.9,71.6296784090913,1.9,76.16,56.9189426609171,1222854.0,10064.0,37.782,0.311,8923.0,0.276,1115.375,0.1,1
32128,MYS,Asia,Malaysia,32365998.0,0.8019999999999979,26808.16399999994,2020-08-29,9306.0,125.0,10.0,0.0,8.142999999999999,0.0,287.524,3.862,0.309,0.0,0.252,0.0,16.74,260.942,29.9,71.6296784090913,1.9,76.16,56.9189426609171,1232927.0,10073.0,38.093,0.311,9283.0,0.287,1140.018,0.1,1
32129,MYS,Asia,Malaysia,32365998.0,0.8019999999999979,26808.16399999994,2020-08-30,9317.0,125.0,11.0,0.0,8.571,0.0,287.86400000000003,3.862,0.34,0.0,0.265,0.0,16.74,260.942,29.9,71.6296784090913,1.9,76.16,56.9189426609171,1243540.0,10613.0,38.421,0.32799999999999996,9589.0,0.29600000000000004,1118.7169999999999,0.1,1
32130,MYS,Asia,Malaysia,32365998.0,0.8019999999999979,26808.16399999994,2020-08-31,9334.0,126.0,17.0,1.0,9.571,0.14300000000000002,288.389,3.8930000000000002,0.525,0.031,0.29600000000000004,0.004,16.74,260.942,29.9,71.6296784090913,1.9,76.16,56.9189426609171,1253855.0,10315.0,38.74,0.319,10144.0,0.313,1059.8210000000001,0.1,1
32131,MYS,Asia,Malaysia,32365998.0,0.8019999999999979,26808.16399999994,2020-09-01,9340.0,127.0,6.0,1.0,9.429,0.28600000000000003,288.574,3.924,0.185,0.031,0.29100000000000004,0.009000000000000001,16.74,260.942,29.9,71.6296784090913,1.9,76.16,56.9189426609171,1262848.0,8993.0,39.018,0.278,10193.0,0.315,1081.076,0.1,1
32132,MYS,Asia,Malaysia,32365998.0,0.8019999999999979,26808.16399999994,2020-09-02,9354.0,128.0,14.0,1.0,9.857000000000001,0.429,289.007,3.955,0.433,0.031,0.305,0.013000000000000001,16.74,260.942,29.9,71.6296784090913,1.9,76.16,56.9189426609171,1270229.0,7381.0,39.246,0.228,9638.0,0.298,977.768,0.1,1
32133,MYS,Asia,Malaysia,32365998.0,0.8019999999999979,26808.16399999994,2020-09-03,9360.0,128.0,6.0,0.0,9.857000000000001,0.429,289.192,3.955,0.185,0.0,0.305,0.013000000000000001,16.74,260.942,29.9,71.6296784090913,1.9,76.16,56.9189426609171,1280878.0,10649.0,39.575,0.32899999999999996,9727.0,0.301,986.797,0.1,1
32134,MYS,Asia,Malaysia,32365998.0,0.8019999999999979,26808.16399999994,2020-09-04,9374.0,128.0,14.0,0.0,11.142999999999999,0.429,289.625,3.955,0.433,0.0,0.344,0.013000000000000001,16.74,260.942,29.9,71.6296784090913,1.9,76.16,56.9189426609171,1290602.0,9724.0,39.875,0.3,9678.0,0.299,868.538,0.1,1
32135,MYS,Asia,Malaysia,32365998.0,0.8019999999999979,26808.16399999994,2020-09-05,9374.0,128.0,0.0,0.0,9.714,0.429,289.625,3.955,0.0,0.0,0.3,0.013000000000000001,16.74,260.942,29.9,71.6296784090913,1.9,76.16,56.9189426609171,1299724.0,9122.0,40.157,0.282,9542.0,0.295,982.265,0.1,1
32136,MYS,Asia,Malaysia,32365998.0,0.8019999999999979,26808.16399999994,2020-09-06,9391.0,128.0,17.0,0.0,10.571,0.429,290.15,3.955,0.525,0.0,0.327,0.013000000000000001,16.74,260.942,29.9,71.6296784090913,1.9,76.16,56.9189426609171,1307454.0,7730.0,40.396,0.239,9131.0,0.282,863.743,0.1,1
32137,MYS,Asia,Malaysia,32365998.0,0.8019999999999979,26808.16399999994,2020-09-07,9397.0,128.0,6.0,0.0,9.0,0.28600000000000003,290.336,3.955,0.185,0.0,0.278,0.009000000000000001,16.74,260.942,29.9,71.6296784090913,1.9,76.16,56.9189426609171,1313774.0,6320.0,40.591,0.195,8560.0,0.264,951.1110000000001,0.1,1
32138,MYS,Asia,Malaysia,32365998.0,0.8019999999999979,26808.16399999994,2020-09-08,9459.0,128.0,62.0,0.0,17.0,0.14300000000000002,292.251,3.955,1.916,0.0,0.525,0.004,16.74,260.942,29.9,71.6296784090913,1.9,76.16,56.9189426609171,1322445.0,8671.0,40.859,0.268,8514.0,0.263,500.824,0.1,1
32139,MYS,Asia,Malaysia,32365998.0,0.8019999999999979,26808.16399999994,2020-09-09,9559.0,128.0,100.0,0.0,29.285999999999998,0.0,295.341,3.955,3.09,0.0,0.905,0.0,16.74,260.942,29.9,71.6296784090913,1.9,76.16,56.9189426609171,1332917.0,10472.0,41.183,0.324,8955.0,0.27699999999999997,305.78,0.1,1
32140,MYS,Asia,Malaysia,32365998.0,0.8019999999999979,26808.16399999994,2020-09-10,9583.0,128.0,24.0,0.0,31.857,0.0,296.082,3.955,0.742,0.0,0.9840000000000001,0.0,16.74,260.942,29.9,71.6296784090913,1.9,76.16,56.9189426609171,1342472.0,9555.0,41.478,0.295,8799.0,0.272,276.202,0.1,1
32141,MYS,Asia,Malaysia,32365998.0,0.8019999999999979,26808.16399999994,2020-09-11,9628.0,128.0,45.0,0.0,36.286,0.0,297.473,3.955,1.39,0.0,1.121,0.0,16.74,260.942,29.9,71.6296784090913,1.9,76.16,56.9189426609171,1353826.0,11354.0,41.82899999999999,0.35100000000000003,9032.0,0.27899999999999997,248.91299999999998,0.1,1
32142,MYS,Asia,Malaysia,32365998.0,0.8019999999999979,26808.16399999994,2020-09-12,9810.0,128.0,182.0,0.0,62.286,0.0,303.096,3.955,5.622999999999999,0.0,1.9240000000000002,0.0,16.74,260.942,29.9,71.6296784090913,1.9,76.16,56.9189426609171,1362631.0,8805.0,42.101000000000006,0.272,8987.0,0.278,144.287,0.1,0
32143,MYS,Asia,Malaysia,32365998.0,0.8019999999999979,26808.16399999994,2020-09-13,9868.0,128.0,58.0,0.0,68.143,0.0,304.888,3.955,1.7919999999999998,0.0,2.105,0.0,16.74,260.942,29.9,71.6296784090913,1.9,76.16,56.9189426609171,1372154.0,9523.0,42.395,0.294,9243.0,0.28600000000000003,135.642,0.1,0
32144,MYS,Asia,Malaysia,32365998.0,0.8019999999999979,26808.16399999994,2020-09-14,9915.0,128.0,47.0,0.0,74.0,0.0,306.34,3.955,1.452,0.0,2.286,0.0,16.74,260.942,29.9,71.6296784090913,1.9,76.16,56.9189426609171,1383769.0,11615.0,42.754,0.359,9999.0,0.309,135.122,0.1,0
32145,MYS,Asia,Malaysia,32365998.0,0.8019999999999979,26808.16399999994,2020-09-15,9946.0,128.0,31.0,0.0,69.571,0.0,307.298,3.955,0.958,0.0,2.15,0.0,16.74,260.942,29.9,71.6296784090913,1.9,76.16,56.9189426609171,1395578.0,11809.0,43.119,0.365,10448.0,0.32299999999999995,150.17700000000002,0.1,0
32146,MYS,Asia,Malaysia,32365998.0,0.8019999999999979,26808.16399999994,2020-09-16,9969.0,128.0,23.0,0.0,58.571000000000005,0.0,308.008,3.955,0.711,0.0,1.81,0.0,16.74,260.942,29.9,71.6296784090913,1.9,76.16,56.9189426609171,1407259.0,11681.0,43.48,0.361,10620.0,0.32799999999999996,181.317,0.1,0
32147,MYS,Asia,Malaysia,32365998.0,0.8019999999999979,26808.16399999994,2020-09-17,10031.0,128.0,62.0,0.0,64.0,0.0,309.92400000000004,3.955,1.916,0.0,1.9769999999999999,0.0,16.74,260.942,29.9,71.6296784090913,1.9,76.16,56.9189426609171,1417154.0,9895.0,43.785,0.306,10669.0,0.33,166.703,0.1,0
32148,MYS,Asia,Malaysia,32365998.0,0.8019999999999979,26808.16399999994,2020-09-18,10052.0,128.0,21.0,0.0,60.571000000000005,0.0,310.573,3.955,0.649,0.0,1.871,0.0,16.74,260.942,29.9,71.6296784090913,1.9,76.16,56.9189426609171,1427133.0,9979.0,44.093999999999994,0.308,10472.0,0.324,172.887,0.1,0
32149,MYS,Asia,Malaysia,32365998.0,0.8019999999999979,26808.16399999994,2020-09-19,10147.0,129.0,95.0,1.0,48.143,0.14300000000000002,313.508,3.986,2.935,0.031,1.4869999999999999,0.004,16.74,260.942,29.9,71.6296784090913,1.9,76.16,56.9189426609171,1437354.0,10221.0,44.409,0.316,10675.0,0.33,221.736,0.1,0
32150,MYS,Asia,Malaysia,32365998.0,0.8019999999999979,26808.16399999994,2020-09-20,10167.0,130.0,20.0,1.0,42.714,0.28600000000000003,314.126,4.0169999999999995,0.618,0.031,1.32,0.009000000000000001,16.74,260.942,29.9,71.6296784090913,1.9,76.16,56.9189426609171,1444686.0,7332.0,44.636,0.22699999999999998,10362.0,0.32,242.58900000000003,0.1,0
32151,MYS,Asia,Malaysia,32365998.0,0.8019999999999979,26808.16399999994,2020-09-21,10219.0,130.0,52.0,0.0,43.428999999999995,0.28600000000000003,315.733,4.0169999999999995,1.607,0.0,1.3419999999999999,0.009000000000000001,16.74,260.942,29.9,71.6296784090913,1.9,76.16,56.9189426609171,1451697.0,7011.0,44.853,0.217,9704.0,0.3,223.447,0.1,0
32152,MYS,Asia,Malaysia,32365998.0,0.8019999999999979,26808.16399999994,2020-09-22,10276.0,130.0,57.0,0.0,47.143,0.28600000000000003,317.494,4.0169999999999995,1.761,0.0,1.4569999999999999,0.009000000000000001,16.74,260.942,29.9,71.6296784090913,1.9,76.16,56.9189426609171,1463557.0,11860.0,45.218999999999994,0.366,9711.0,0.3,205.99099999999999,0.1,0
32153,MYS,Asia,Malaysia,32365998.0,0.8019999999999979,26808.16399999994,2020-09-23,10358.0,130.0,82.0,0.0,55.571000000000005,0.28600000000000003,320.027,4.0169999999999995,2.5340000000000003,0.0,1.7169999999999999,0.009000000000000001,16.74,260.942,29.9,71.6296784090913,1.9,76.16,56.9189426609171,0.0,0.0,0.0,0.0,9561.0,0.295,172.049,0.1,0
32154,MYS,Asia,Malaysia,32365998.0,0.8019999999999979,26808.16399999994,2020-09-24,10505.0,133.0,147.0,3.0,67.714,0.7140000000000001,324.569,4.109,4.542,0.09300000000000001,2.092,0.022000000000000002,16.74,260.942,29.9,71.6296784090913,1.9,76.16,56.9189426609171,1484812.0,0.0,45.876000000000005,0.0,9665.0,0.299,142.732,0.1,0
32155,MYS,Asia,Malaysia,32365998.0,0.8019999999999979,26808.16399999994,2020-09-25,10576.0,133.0,71.0,0.0,74.857,0.7140000000000001,326.763,4.109,2.194,0.0,2.313,0.022000000000000002,16.74,260.942,29.9,71.6296784090913,1.9,76.16,56.9189426609171,1493645.0,8833.0,46.148999999999994,0.273,9502.0,0.294,126.935,0.1,0
32156,MYS,Asia,Malaysia,32365998.0,0.8019999999999979,26808.16399999994,2020-09-26,10576.0,133.0,0.0,0.0,61.286,0.5710000000000001,326.763,4.109,0.0,0.0,1.8940000000000001,0.018000000000000002,16.74,260.942,29.9,71.6296784090913,1.9,76.16,56.9189426609171,1502110.0,8465.0,46.41,0.262,9251.0,0.28600000000000003,150.94899999999998,0.1,0
32157,MYS,Asia,Malaysia,32365998.0,0.8019999999999979,26808.16399999994,2020-09-27,10769.0,133.0,193.0,0.0,86.0,0.429,332.726,4.109,5.962999999999999,0.0,2.657,0.013000000000000001,16.74,260.942,29.9,71.6296784090913,1.9,76.16,56.9189426609171,1510390.0,8280.0,46.666000000000004,0.256,9386.0,0.29,109.14,0.1,0
32158,MYS,Asia,Malaysia,32365998.0,0.8019999999999979,26808.16399999994,2020-09-28,10919.0,134.0,150.0,1.0,100.0,0.5710000000000001,337.36,4.14,4.6339999999999995,0.031,3.09,0.018000000000000002,16.74,260.942,29.9,71.6296784090913,1.9,76.16,56.9189426609171,1519220.0,8830.0,46.93899999999999,0.273,9646.0,0.298,96.46,0.1,0
32159,MYS,Asia,Malaysia,32365998.0,0.8019999999999979,26808.16399999994,2020-09-29,11034.0,134.0,115.0,0.0,108.286,0.5710000000000001,340.913,4.14,3.553,0.0,3.346,0.018000000000000002,16.74,260.942,29.9,71.6296784090913,1.9,76.16,56.9189426609171,1533061.0,13841.0,47.36600000000001,0.428,9929.0,0.307,91.693,0.1,0
32160,MYS,Asia,Malaysia,32365998.0,0.8019999999999979,26808.16399999994,2020-09-30,11135.0,134.0,101.0,0.0,111.0,0.5710000000000001,344.034,4.14,3.1210000000000004,0.0,3.43,0.018000000000000002,16.74,260.942,29.9,71.6296784090913,1.9,76.16,56.9189426609171,1549750.0,16689.0,47.882,0.516,10795.0,0.33399999999999996,97.25200000000001,0.1,0
32161,MYS,Asia,Malaysia,32365998.0,0.8019999999999979,26808.16399999994,2020-10-01,11135.0,134.0,0.0,0.0,90.0,0.14300000000000002,344.034,4.14,0.0,0.0,2.781,0.004,16.74,260.942,29.9,71.6296784090913,1.9,76.16,56.9189426609171,1566848.0,17098.0,48.41,0.528,11719.0,0.36200000000000004,130.211,0.1,0
32162,MYS,Asia,Malaysia,32365998.0,0.8019999999999979,26808.16399999994,2020-10-02,11484.0,136.0,349.0,2.0,129.714,0.429,354.81699999999995,4.202,10.783,0.062,4.008,0.013000000000000001,16.74,260.942,29.9,71.6296784090913,1.9,76.16,56.9189426609171,1581208.0,14360.0,48.854,0.444,12509.0,0.386,96.435,0.1,0
32163,MYS,Asia,Malaysia,32365998.0,0.8019999999999979,26808.16399999994,2020-10-03,11771.0,136.0,287.0,0.0,170.71400000000003,0.429,363.684,4.202,8.867,0.0,5.274,0.013000000000000001,16.74,260.942,29.9,71.6296784090913,1.9,76.16,56.9189426609171,1598002.0,16794.0,49.373000000000005,0.519,13699.0,0.423,80.245,0.1,0
32164,MYS,Asia,Malaysia,32365998.0,0.8019999999999979,26808.16399999994,2020-10-04,12088.0,137.0,317.0,1.0,188.429,0.5710000000000001,373.478,4.2330000000000005,9.794,0.031,5.822,0.018000000000000002,16.74,260.942,29.9,71.6296784090913,1.9,76.16,56.9189426609171,1615041.0,17039.0,49.898999999999994,0.526,14950.0,0.462,79.34,0.1,0
32165,MYS,Asia,Malaysia,32365998.0,0.8019999999999979,26808.16399999994,2020-10-05,12381.0,137.0,293.0,0.0,208.857,0.429,382.531,4.2330000000000005,9.052999999999999,0.0,6.452999999999999,0.013000000000000001,16.74,260.942,29.9,71.6296784090913,1.9,76.16,56.9189426609171,1627612.0,12571.0,50.288000000000004,0.38799999999999996,15485.0,0.478,74.142,0.1,0
32166,MYS,Asia,Malaysia,32365998.0,0.8019999999999979,26808.16399999994,2020-10-06,12813.0,137.0,432.0,0.0,254.143,0.429,395.87800000000004,4.2330000000000005,13.347000000000001,0.0,7.852,0.013000000000000001,16.74,260.942,29.9,71.6296784090913,1.9,76.16,56.9189426609171,1643651.0,16039.0,50.783,0.496,15799.0,0.488,62.166000000000004,0.1,0
32167,MYS,Asia,Malaysia,32365998.0,0.8019999999999979,26808.16399999994,2020-10-07,13504.0,141.0,691.0,4.0,338.42900000000003,1.0,417.228,4.356,21.35,0.124,10.456,0.031,16.74,260.942,29.9,71.6296784090913,1.9,76.16,56.9189426609171,1663796.0,20145.0,51.406000000000006,0.622,16292.0,0.503,48.14,0.1,0
32168,MYS,Asia,Malaysia,32365998.0,0.8019999999999979,26808.16399999994,2020-10-08,13993.0,141.0,489.0,0.0,408.286,1.0,432.336,4.356,15.107999999999999,0.0,12.615,0.031,16.74,260.942,29.9,71.6296784090913,1.9,76.16,56.9189426609171,1681809.0,18013.0,51.961999999999996,0.557,16423.0,0.507,40.224000000000004,0.1,0
32169,MYS,Asia,Malaysia,32365998.0,0.8019999999999979,26808.16399999994,2020-10-09,14368.0,146.0,375.0,5.0,412.0,1.429,443.923,4.511,11.585999999999999,0.154,12.729000000000001,0.044000000000000004,16.74,260.942,29.9,71.6296784090913,1.9,76.16,56.9189426609171,1703942.0,22133.0,52.646,0.684,17533.0,0.542,42.556000000000004,0.1,0
32170,MYS,Asia,Malaysia,32365998.0,0.8019999999999979,26808.16399999994,2020-10-10,14722.0,152.0,354.0,6.0,421.57099999999997,2.286,454.86,4.696000000000001,10.937000000000001,0.185,13.025,0.071,16.74,260.942,29.9,71.6296784090913,1.9,76.16,56.9189426609171,1722837.0,18895.0,53.23,0.584,17834.0,0.551,42.303999999999995,0.1,0
32171,MYS,Asia,Malaysia,32365998.0,0.8019999999999979,26808.16399999994,2020-10-11,15096.0,155.0,374.0,3.0,429.714,2.571,466.415,4.789,11.555,0.09300000000000001,13.277000000000001,0.079,16.74,260.942,29.9,71.6296784090913,1.9,76.16,56.9189426609171,1738868.0,16031.0,53.725,0.495,17690.0,0.547,41.167,0.1,0
32172,MYS,Asia,Malaysia,32365998.0,0.8019999999999979,26808.16399999994,2020-10-12,15657.0,157.0,561.0,2.0,468.0,2.8569999999999998,483.74800000000005,4.851,17.333,0.062,14.46,0.08800000000000001,16.74,260.942,29.9,71.6296784090913,1.9,76.16,56.9189426609171,1753991.0,15123.0,54.192,0.467,18054.0,0.5579999999999999,38.577,0.1,0
32173,MYS,Asia,Malaysia,32365998.0,0.8019999999999979,26808.16399999994,2020-10-13,16220.0,159.0,563.0,2.0,486.714,3.1430000000000002,501.14300000000003,4.913,17.395,0.062,15.038,0.09699999999999999,16.74,260.942,29.9,71.6296784090913,1.9,76.16,56.9189426609171,1768210.0,14219.0,54.632,0.439,17794.0,0.55,36.559,0.1,0
32174,MYS,Asia,Malaysia,32365998.0,0.8019999999999979,26808.16399999994,2020-10-14,16880.0,163.0,660.0,4.0,482.286,3.1430000000000002,521.535,5.0360000000000005,20.392,0.124,14.901,0.09699999999999999,16.74,260.942,29.9,71.6296784090913,1.9,76.16,56.9189426609171,1786829.0,18619.0,55.207,0.575,17576.0,0.5429999999999999,36.443000000000005,0.1,0
32175,MYS,Asia,Malaysia,32365998.0,0.8019999999999979,26808.16399999994,2020-10-15,17540.0,167.0,660.0,4.0,506.714,3.714,541.927,5.16,20.392,0.124,15.655999999999999,0.115,16.74,260.942,29.9,71.6296784090913,1.9,76.16,56.9189426609171,1810777.0,23948.0,55.946999999999996,0.74,18424.0,0.569,36.36,0.1,0
32176,MYS,Asia,Malaysia,32365998.0,0.8019999999999979,26808.16399999994,2020-10-16,18129.0,170.0,589.0,3.0,537.286,3.429,560.125,5.252000000000001,18.198,0.09300000000000001,16.6,0.106,16.74,260.942,29.9,71.6296784090913,1.9,76.16,56.9189426609171,1839700.0,28923.0,56.841,0.894,19394.0,0.599,36.096,0.1,0
32177,MYS,Asia,Malaysia,32365998.0,0.8019999999999979,26808.16399999994,2020-10-17,18758.0,176.0,629.0,6.0,576.571,3.429,579.559,5.438,19.434,0.185,17.814,0.106,16.74,260.942,29.9,71.6296784090913,1.9,76.16,56.9189426609171,1863037.0,23337.0,57.562,0.721,20029.0,0.619,34.738,0.1,0
32178,MYS,Asia,Malaysia,32365998.0,0.8019999999999979,26808.16399999994,2020-10-18,19627.0,180.0,869.0,4.0,647.286,3.571,606.408,5.561,26.849,0.124,19.999000000000002,0.11,16.74,260.942,29.9,71.6296784090913,1.9,76.16,56.9189426609171,1885847.0,22810.0,58.266000000000005,0.705,20997.0,0.649,32.439,0.1,0
32179,MYS,Asia,Malaysia,32365998.0,0.8019999999999979,26808.16399999994,2020-10-19,20498.0,187.0,871.0,7.0,691.571,4.2860000000000005,633.319,5.778,26.910999999999998,0.21600000000000003,21.366999999999997,0.132,16.74,260.942,29.9,71.6296784090913,1.9,76.16,56.9189426609171,1903515.0,17668.0,58.812,0.546,21361.0,0.66,30.888,0.1,0
32180,MYS,Asia,Malaysia,32365998.0,0.8019999999999979,26808.16399999994,2020-10-20,21363.0,190.0,865.0,3.0,734.7139999999999,4.428999999999999,660.045,5.87,26.726,0.09300000000000001,22.7,0.13699999999999998,16.74,260.942,29.9,71.6296784090913,1.9,76.16,56.9189426609171,1921435.0,17920.0,59.36600000000001,0.5539999999999999,21889.0,0.6759999999999999,29.793000000000003,0.1,0
32181,MYS,Asia,Malaysia,32365998.0,0.8019999999999979,26808.16399999994,2020-10-21,22225.0,193.0,862.0,3.0,763.571,4.2860000000000005,686.677,5.962999999999999,26.633000000000003,0.09300000000000001,23.592,0.132,16.74,260.942,29.9,71.6296784090913,1.9,76.16,56.9189426609171,1940261.0,18826.0,59.948,0.5820000000000001,21919.0,0.677,28.706,0.1,0
32182,MYS,Asia,Malaysia,32365998.0,0.8019999999999979,26808.16399999994,2020-10-22,22957.0,199.0,732.0,6.0,773.857,4.571000000000001,709.294,6.148,22.616,0.185,23.91,0.141,16.74,260.942,29.9,71.6296784090913,1.9,76.16,56.9189426609171,1956010.0,15749.0,60.434,0.48700000000000004,20748.0,0.6409999999999999,26.811,0.1,0
32183,MYS,Asia,Malaysia,32365998.0,0.8019999999999979,26808.16399999994,2020-10-23,23804.0,204.0,847.0,5.0,810.7139999999999,4.857,735.4630000000001,6.303,26.169,0.154,25.048000000000002,0.15,16.74,260.942,29.9,71.6296784090913,1.9,76.16,56.9189426609171,1973780.0,17770.0,60.983000000000004,0.5489999999999999,19154.0,0.5920000000000001,23.625999999999998,0.1,0
32184,MYS,Asia,Malaysia,32365998.0,0.8019999999999979,26808.16399999994,2020-10-24,24514.0,214.0,710.0,10.0,822.2860000000001,5.428999999999999,757.4,6.612,21.936999999999998,0.309,25.406,0.168,16.74,260.942,29.9,71.6296784090913,1.9,76.16,56.9189426609171,1989231.0,15451.0,61.461000000000006,0.47700000000000004,18028.0,0.557,21.924,0.1,0
32185,MYS,Asia,Malaysia,32365998.0,0.8019999999999979,26808.16399999994,2020-10-25,25742.0,221.0,1228.0,7.0,873.571,5.857,795.341,6.827999999999999,37.941,0.21600000000000003,26.99,0.18100000000000002,16.74,260.942,29.9,71.6296784090913,1.9,76.16,56.9189426609171,2006716.0,17485.0,62.001000000000005,0.54,17267.0,0.5329999999999999,19.766,0.1,0
32186,MYS,Asia,Malaysia,32365998.0,0.8019999999999979,26808.16399999994,2020-10-26,26565.0,229.0,823.0,8.0,866.7139999999999,6.0,820.7689999999999,7.075,25.428,0.247,26.779,0.185,16.74,260.942,29.9,71.6296784090913,1.9,76.16,56.9189426609171,2025727.0,19011.0,62.588,0.5870000000000001,17459.0,0.539,20.144000000000002,0.1,0
32187,MYS,Asia,Malaysia,32365998.0,0.8019999999999979,26808.16399999994,2020-10-27,27805.0,236.0,1240.0,7.0,920.2860000000001,6.571000000000001,859.081,7.292000000000001,38.312,0.21600000000000003,28.434,0.203,16.74,260.942,29.9,71.6296784090913,1.9,76.16,56.9189426609171,2044398.0,18671.0,63.165,0.5770000000000001,17566.0,0.5429999999999999,19.088,0.1,0
32188,MYS,Asia,Malaysia,32365998.0,0.8019999999999979,26808.16399999994,2020-10-28,28640.0,238.0,835.0,2.0,916.429,6.428999999999999,884.8789999999999,7.353,25.799,0.062,28.315,0.19899999999999998,16.74,260.942,29.9,71.6296784090913,1.9,76.16,56.9189426609171,2064016.0,19618.0,63.771,0.606,17679.0,0.546,19.291,0.1,0
32189,MYS,Asia,Malaysia,32365998.0,0.8019999999999979,26808.16399999994,2020-10-29,29411.0,246.0,771.0,8.0,922.0,6.7139999999999995,908.701,7.601,23.820999999999998,0.247,28.487,0.207,16.74,260.942,29.9,71.6296784090913,1.9,76.16,56.9189426609171,2083700.0,19684.0,64.37899999999999,0.608,18241.0,0.564,19.784000000000002,0.1,0
32190,MYS,Asia,Malaysia,32365998.0,0.8019999999999979,26808.16399999994,2020-10-30,30090.0,246.0,679.0,0.0,898.0,6.0,929.679,7.601,20.979,0.0,27.745,0.185,16.74,260.942,29.9,71.6296784090913,1.9,76.16,56.9189426609171,2101890.0,18190.0,64.941,0.562,18301.0,0.565,20.38,0.1,0
32191,MYS,Asia,Malaysia,32365998.0,0.8019999999999979,26808.16399999994,2020-10-31,30899.0,249.0,809.0,3.0,912.143,5.0,954.675,7.693,24.995,0.09300000000000001,28.182,0.154,16.74,260.942,29.9,71.6296784090913,1.9,76.16,56.9189426609171,2118966.0,17076.0,65.469,0.528,18534.0,0.573,20.319000000000003,0.1,0
32192,MYS,Asia,Malaysia,32365998.0,0.8019999999999979,26808.16399999994,2020-11-01,31548.0,249.0,649.0,0.0,829.429,4.0,974.727,7.693,20.052,0.0,25.627,0.124,16.74,260.942,29.9,71.6296784090913,1.9,76.16,56.9189426609171,2137657.0,18691.0,66.046,0.5770000000000001,18706.0,0.578,22.553,0.1,0
32193,MYS,Asia,Malaysia,32365998.0,0.8019999999999979,26808.16399999994,2020-11-02,32505.0,249.0,957.0,0.0,848.571,2.8569999999999998,1004.295,7.693,29.568,0.0,26.218000000000004,0.08800000000000001,16.74,260.942,29.9,71.6296784090913,1.9,76.16,56.9189426609171,2156958.0,19301.0,66.643,0.596,18747.0,0.579,22.092,0.1,0
32194,MYS,Asia,Malaysia,32365998.0,0.8019999999999979,26808.16399999994,2020-11-03,33339.0,251.0,834.0,2.0,790.571,2.1430000000000002,1030.062,7.755,25.768,0.062,24.426,0.066,16.74,260.942,29.9,71.6296784090913,1.9,76.16,56.9189426609171,2176725.0,19767.0,67.253,0.611,18904.0,0.584,23.912,0.1,0
32195,MYS,Asia,Malaysia,32365998.0,0.8019999999999979,26808.16399999994,2020-11-04,34393.0,263.0,1054.0,12.0,821.857,3.571,1062.628,8.126,32.565,0.371,25.393,0.11,16.74,260.942,29.9,71.6296784090913,1.9,76.16,56.9189426609171,2198172.0,21447.0,67.916,0.6629999999999999,19165.0,0.5920000000000001,23.319000000000003,0.1,0
32196,MYS,Asia,Malaysia,32365998.0,0.8019999999999979,26808.16399999994,2020-11-05,35425.0,271.0,1032.0,8.0,859.143,3.571,1094.513,8.373,31.885,0.247,26.545,0.11,16.74,260.942,29.9,71.6296784090913,1.9,76.16,56.9189426609171,2215701.0,17529.0,68.458,0.542,18857.0,0.583,21.949,0.1,0
32197,MYS,Asia,Malaysia,32365998.0,0.8019999999999979,26808.16399999994,2020-11-06,36434.0,277.0,1009.0,6.0,906.2860000000001,4.428999999999999,1125.688,8.558,31.175,0.185,28.000999999999998,0.13699999999999998,16.74,260.942,29.9,71.6296784090913,1.9,76.16,56.9189426609171,2238559.0,22858.0,69.164,0.706,19524.0,0.603,21.543000000000003,0.1,0
32198,MYS,Asia,Malaysia,32365998.0,0.8019999999999979,26808.16399999994,2020-11-07,38189.0,279.0,1755.0,2.0,1041.4289999999999,4.2860000000000005,1179.911,8.62,54.224,0.062,32.177,0.132,16.74,260.942,29.9,71.6296784090913,1.9,76.16,56.9189426609171,2258128.0,19569.0,69.76899999999999,0.605,19880.0,0.614,19.089000000000002,0.1,0
32199,MYS,Asia,Malaysia,32365998.0,0.8019999999999979,26808.16399999994,2020-11-08,39357.0,282.0,1168.0,3.0,1115.5710000000001,4.7139999999999995,1215.998,8.713,36.086999999999996,0.09300000000000001,34.467,0.146,16.74,260.942,29.9,71.6296784090913,1.9,76.16,56.9189426609171,2275234.0,17106.0,70.297,0.529,19654.0,0.607,17.618,0.1,0
32200,MYS,Asia,Malaysia,32365998.0,0.8019999999999979,26808.16399999994,2020-11-09,40209.0,286.0,852.0,4.0,1100.5710000000001,5.2860000000000005,1242.322,8.836,26.324,0.124,34.004,0.163,16.74,260.942,29.9,71.6296784090913,1.9,76.16,56.9189426609171,2291344.0,16110.0,70.795,0.498,19198.0,0.593,17.444000000000003,0.1,0
32201,MYS,Asia,Malaysia,32365998.0,0.8019999999999979,26808.16399999994,2020-11-10,41181.0,294.0,972.0,8.0,1120.286,6.143,1272.354,9.084,30.031999999999996,0.247,34.613,0.19,16.74,260.942,29.9,71.6296784090913,1.9,76.16,56.9189426609171,2309836.0,18492.0,71.366,0.5710000000000001,19016.0,0.588,16.974,0.1,0
32202,MYS,Asia,Malaysia,32365998.0,0.8019999999999979,26808.16399999994,2020-11-11,42050.0,300.0,869.0,6.0,1093.857,5.2860000000000005,1299.203,9.269,26.849,0.185,33.796,0.163,16.74,260.942,29.9,71.6296784090913,1.9,76.16,56.9189426609171,2329033.0,19197.0,71.959,0.593,18694.0,0.578,17.09,0.1,0
32203,MYS,Asia,Malaysia,32365998.0,0.8019999999999979,26808.16399999994,2020-11-12,42872.0,302.0,822.0,2.0,1063.857,4.428999999999999,1324.6,9.331,25.397,0.062,32.87,0.13699999999999998,16.74,260.942,29.9,71.6296784090913,1.9,76.16,56.9189426609171,2349211.0,20178.0,72.583,0.623,19073.0,0.589,17.928,0.1,0
32204,MYS,Asia,Malaysia,32365998.0,0.8019999999999979,26808.16399999994,2020-11-13,43791.0,303.0,919.0,1.0,1051.0,3.714,1352.994,9.362,28.394000000000002,0.031,32.472,0.115,16.74,260.942,29.9,71.6296784090913,1.9,76.16,56.9189426609171,0.0,0.0,0.0,0.0,0.0,0.0,0.0,0.1,0
32205,MYS,Asia,Malaysia,32365998.0,0.8019999999999979,26808.16399999994,2020-11-14,45095.0,304.0,1304.0,1.0,986.571,3.571,1393.283,9.392999999999999,40.289,0.031,30.482,0.11,16.74,260.942,29.9,71.6296784090913,1.9,76.16,56.9189426609171,0.0,0.0,0.0,0.0,0.0,0.0,0.0,0.1,0
32206,MYS,Asia,Malaysia,32365998.0,0.8019999999999979,26808.16399999994,2020-11-15,46209.0,306.0,1114.0,2.0,978.857,3.429,1427.7020000000002,9.454,34.419000000000004,0.062,30.243000000000002,0.106,16.74,260.942,29.9,71.6296784090913,1.9,76.16,56.9189426609171,0.0,0.0,0.0,0.0,0.0,0.0,0.0,0.1,0
